Ano,Ativo_A,Ativo_B,Correlacao,P_Value,Alpha,Beta,Spread_Mu,Spread_Sigma
2015,ABEV3,CRUZ3,0.8058,0.042433,1.076398,0.439807,-0.0,0.030015
2015,ABEV3,DAGB33,0.8054,0.000258,-0.405469,0.476416,0.0,0.030037
2015,ABEV3,ENBR3,0.8007,0.003358,1.922547,0.291465,-0.0,0.030362
2015,ABEV3,GRND3,0.8108,0.001698,2.096233,0.514065,-0.0,0.029665
2015,ABEV3,JBSS3,0.8261,0.008173,1.819566,0.299136,-0.0,0.028559
2015,ABEV3,KLBN11,0.8157,0.01147,1.879807,0.256264,0.0,0.029315
2015,ABEV3,SEDU3,0.8283,0.000309,1.202432,0.510125,0.0,0.028395
2015,ABEV3,SUZB5,0.8087,0.002253,1.877668,0.226926,-0.0,0.029811
2015,ABEV3,UGPA3,0.8889,0.00242,1.112045,0.438274,-0.0,0.023216
2015,ALSC3,BEEF3,-0.8837,0.045521,4.120418,-0.811162,-0.0,0.077744
2015,ALSC3,MBRF3,-0.8965,0.002989,3.432509,-0.817053,0.0,0.073584
2015,ALSC3,MOTV3,0.8881,0.018478,-1.046549,1.577592,0.0,0.076358
2015,ALSC3,MYPK3,-0.9206,0.000593,4.736871,-1.004592,0.0,0.064866
2015,AMER3,BBAS3,0.8494,0.040751,5.563491,1.183978,-0.0,0.103271
2015,AMER3,CMIG4,0.9058,0.03082,7.059192,0.661996,-0.0,0.082906
2015,AMER3,ITSA4,0.8634,0.010306,5.89537,1.858559,-0.0,0.098736
2015,AMER3,MBRF3,-0.8194,0.025274,8.431226,-0.879703,-0.0,0.112172
2015,ANIM3,CESP6,0.8578,0.026606,-4.032671,2.104316,-0.0,0.143546
2015,ANIM3,CMIG4,0.8119,0.046784,0.929039,0.846848,0.0,0.163028
2015,ANIM3,MDIA3,0.8561,0.012923,-4.365699,1.939481,-0.0,0.144354
2015,ANIM3,NATU3,0.8908,0.00098,-3.556751,2.066076,-0.0,0.12692
2015,BBAS3,CESP6,0.8917,0.042358,-1.250648,1.09961,-0.0,0.063554
2015,BBAS3,CMIG4,0.9226,0.013211,1.314246,0.483723,0.0,0.054162
2015,BBAS3,CPFE3,0.9326,0.001619,-1.186332,1.288056,-0.0,0.050671
2015,BBDC3,BEEF3,-0.8559,2.6e-05,2.648629,-0.378239,0.0,0.041366
2015,BBDC3,BRSR6,0.8738,0.004556,1.557134,0.279171,0.0,0.038888
2015,BBDC3,CYRE3,0.8504,0.025757,1.201849,0.455282,0.0,0.042088
2015,BBDC3,EZTC3,0.8224,0.031378,1.062626,0.504566,-0.0,0.045498
2015,BBDC3,GOAU4,0.8624,0.004804,1.829079,0.116002,0.0,0.040492
2015,BBDC3,IGTA3,0.8649,0.028598,0.015152,0.61754,-0.0,0.04015
2015,BBDC3,MULT3,0.8914,0.019756,-0.01609,0.787525,-0.0,0.036254
2015,BBDC3,MYPK3,-0.8398,2.4e-05,2.87751,-0.441235,0.0,0.043419
2015,BBDC3,OIBR4,0.825,0.043666,1.055563,0.151208,-0.0,0.0452
2015,BBDC3,PCAR4,0.9033,0.002918,0.63815,0.301293,-0.0,0.034311
2015,BBDC3,QUAL3,0.8298,0.024267,0.929046,0.406375,0.0,0.04463
2015,BBDC3,VIVT4,0.8836,0.012256,-0.630478,0.744443,0.0,0.037455
2015,BBDC3,VVAR11,0.8498,0.010259,1.653265,0.118187,0.0,0.042159
2015,BBDC4,BRSR6,0.9311,0.010472,1.260751,0.486993,-0.0,0.047761
2015,BBDC4,MBRF3,-0.8435,0.016526,2.543552,-0.605923,0.0,0.070334
2015,BBDC4,MYPK3,-0.8969,0.000122,3.567862,-0.771473,-0.0,0.057903
2015,BBDC4,OIBR4,0.9304,0.005339,0.296909,0.279187,-0.0,0.047982
2015,BBDC4,PCAR4,0.9578,0.012231,-0.331332,0.523009,-0.0,0.03764
2015,BBDC4,SEER3,0.8058,0.005025,0.953389,0.431338,0.0,0.077538
2015,BBDC4,SULA11,-0.8312,0.042622,3.199529,-0.555273,0.0,0.072797
2015,BBDC4,VVAR11,0.9482,0.006309,1.405883,0.215894,-0.0,0.041595
2015,BBSE3,CPFE3,0.9046,0.00132,0.733404,0.81639,0.0,0.039095
2015,BBSE3,PETR4,0.9026,0.003045,2.162187,0.409934,0.0,0.039484
2015,BEEF3,BRML3,-0.8447,0.045036,4.085901,-1.013569,-0.0,0.096882
2015,BEEF3,MULT3,-0.8577,0.002542,6.138442,-1.714713,-0.0,0.093046
2015,BEEF3,VIVT4,-0.8708,0.006066,7.610822,-1.660094,-0.0,0.088986
2015,BRAP4,SULA11,-0.8925,0.028589,2.432466,-0.849511,-0.0,0.084151
2015,BRKM5,OIBR4,-0.8233,0.029062,4.839207,-0.440941,0.0,0.132661
2015,BRML3,ITUB4,0.8858,0.035712,-1.227736,1.722987,-0.0,0.069992
2015,BRML3,MBRF3,-0.8418,0.018066,2.882016,-0.696473,-0.0,0.081419
2015,BRSR6,MBRF3,-0.8022,0.025188,2.484401,-1.101762,0.0,0.149479
2015,BRSR6,MOTV3,0.84,0.036139,-3.834147,2.248775,0.0,0.13584
2015,BRSR6,MYPK3,-0.9173,0.000706,4.574538,-1.508492,-0.0,0.099707
2015,BRSR6,PCAR4,0.9658,0.002502,-2.988544,1.008365,-0.0,0.064877
2015,BRSR6,QUAL3,0.9351,0.049412,-2.194974,1.43332,-0.0,0.088738
2015,BRSR6,SULA11,-0.9189,0.011594,4.058983,-1.173649,0.0,0.098759
2015,BRSR6,VIVT4,0.8874,0.008962,-6.714977,2.34033,0.0,0.115406
2015,BRSR6,VVAR11,0.9615,0.014532,0.355404,0.418581,0.0,0.068767
2015,CESP6,CMIG4,0.9271,0.047977,2.363454,0.394176,0.0,0.042667
2015,CESP6,OIBR4,0.8881,0.018681,1.293891,0.231699,0.0,0.052323
2015,CESP6,SEER3,0.864,0.00237,1.7412,0.40209,0.0,0.057325
2015,CIEL3,CVCB3,0.8181,0.03386,1.388565,0.56549,0.0,0.053193
2015,CIEL3,VLID3,0.8619,0.018604,-0.386902,1.013697,0.0,0.046904
2015,CMIG4,ITSA4,0.9074,0.038282,-1.641303,2.67284,0.0,0.112518
2015,CMIG4,MBRF3,-0.9044,0.009518,2.07233,-1.328634,-0.0,0.114227
2015,COGN3,NATU3,0.8484,0.000687,-0.237298,0.951041,-0.0,0.071459
2015,COGN3,POMO4,0.8184,0.003592,2.073617,0.681028,0.0,0.077558
2015,COGN3,SEER3,0.829,0.037544,1.080047,0.457435,0.0,0.075489
2015,CRUZ3,FIBR3,0.8531,0.002416,1.571423,0.452107,0.0,0.048442
2015,CRUZ3,GOLL54,-0.821,0.023841,2.761249,-0.177653,0.0,0.053018
2015,CRUZ3,KLBN11,0.8221,0.015268,2.084766,0.473132,0.0,0.052872
2015,CRUZ3,SEDU3,0.8299,0.011661,0.847869,0.936365,0.0,0.051807
2015,CVCB3,ELPL4,0.9048,0.01822,1.513439,0.443057,0.0,0.056981
2015,CYRE3,MULT3,0.936,0.007707,-2.218062,1.544545,0.0,0.052585
2015,DAGB33,FIBR3,0.8835,0.026094,4.508296,0.432038,-0.0,0.040142
2015,DAGB33,SUZB5,0.8948,0.014219,4.930706,0.424483,-0.0,0.038259
2015,DXCO3,EZTC3,0.875,0.022702,-0.123987,0.840583,-0.0,0.060618
2015,DXCO3,IGTA3,0.9113,0.005192,-1.838056,1.01879,-0.0,0.051577
2015,DXCO3,ITUB4,0.889,0.014635,-1.498182,1.435894,0.0,0.057345
2015,DXCO3,MBRF3,-0.8599,0.009805,1.937706,-0.590817,0.0,0.063919
2015,DXCO3,MULT3,0.9002,0.009309,-1.756699,1.245372,-0.0,0.054526
2015,DXCO3,RENT3,0.9232,0.022682,-0.111555,0.74059,-0.0,0.048132
2015,DXCO3,YDUQ3,0.8048,0.029142,-0.353002,0.690157,-0.0,0.07433
2015,ECOR3,GOAU4,0.9295,0.030985,1.552961,0.295111,-0.0,0.069619
2015,ECOR3,GOLL54,0.9507,0.027066,2.834465,0.418275,0.0,0.058535
2015,ECOR3,KLBN11,-0.9237,0.020398,4.349389,-1.080929,0.0,0.072302
2015,ECOR3,MYPK3,-0.8405,0.048321,4.047402,-1.042266,0.0,0.102287
2015,ECOR3,SULA11,-0.9268,0.001635,3.881445,-0.892627,-0.0,0.070883
2015,EGIE3,GFSA3,0.8068,0.000369,-0.455682,0.358714,-0.0,0.029376
2015,EGIE3,PSSA3,0.825,0.000152,1.480804,0.374732,-0.0,0.028096
2015,EGIE3,SBSP3,0.8193,0.02282,1.92573,0.431386,-0.0,0.028508
2015,EVEN3,HGTX3,0.8568,0.035209,-1.113166,0.820343,0.0,0.073317
2015,EZTC3,GGBR4,0.8516,0.041292,1.117045,0.450095,0.0,0.068341
2015,EZTC3,IGTA3,0.8841,0.001222,-1.472502,1.029015,-0.0,0.060909
2015,EZTC3,ITSA4,0.8331,0.024563,0.678163,1.194768,-0.0,0.072105
2015,EZTC3,ITUB4,0.8307,0.001949,-1.024231,1.396752,-0.0,0.072577
2015,EZTC3,MBRF3,-0.8283,0.004722,2.33656,-0.592374,0.0,0.073053
2015,EZTC3,MULT3,0.8572,0.000846,-1.332597,1.234478,-0.0,0.067134
2015,EZTC3,MYPK3,-0.8162,0.028896,3.219029,-0.698986,-0.0,0.075322
2015,EZTC3,RENT3,0.8863,0.039797,0.286464,0.740174,-0.0,0.060367
2015,FIBR3,GOLL54,-0.9533,0.034149,2.640807,-0.389267,-0.0,0.052927
2015,GETI4,SMLS3,0.9026,0.032208,1.475041,0.398877,-0.0,0.038075
2015,GGBR4,MBRF3,-0.8485,0.049488,2.532967,-1.148192,-0.0,0.130529
2015,GGBR4,MULT3,0.8572,0.019758,-4.438022,2.335683,-0.0,0.127014
2015,GGBR4,RENT3,0.8623,0.046266,-1.301307,1.362388,-0.0,0.124924
2015,GOLL54,MYPK3,-0.8718,0.041054,2.825369,-2.457227,-0.0,0.210202
2015,GOLL54,SULA11,-0.9558,0.001174,2.405962,-2.09235,0.0,0.126127
2015,GOLL54,VIVT4,0.8279,0.021604,-15.323977,3.742245,0.0,0.240646
2015,GRND3,KLBN11,0.8645,0.027535,-0.255746,0.428347,-0.0,0.040179
2015,GRND3,SEDU3,0.8408,0.017648,-1.297592,0.816682,0.0,0.043278
2015,GRND3,SUZB5,0.8548,0.00828,-0.256638,0.378304,-0.0,0.041487
2015,GRND3,UGPA3,0.8725,0.039244,-1.369917,0.678523,-0.0,0.039054
2015,HGTX3,VLID3,-0.8162,0.004574,7.338695,-1.541172,-0.0,0.085776
2015,HGTX3,WEGE3,-0.8017,0.035765,4.775999,-1.431187,0.0,0.088747
2015,IGTA3,ITSA4,0.9395,0.019506,2.09297,1.15768,0.0,0.03836
2015,IGTA3,ITUB4,0.9092,0.014592,0.521685,1.313471,0.0,0.046645
2015,IGTA3,MBRF3,-0.8946,0.000565,3.674423,-0.549758,0.0,0.050054
2015,IGTA3,MULT3,0.9453,0.037413,0.210043,1.169651,-0.0,0.036546
2015,IGTA3,MYPK3,-0.8415,0.021827,4.429854,-0.619186,-0.0,0.060519
2015,ITSA4,MBRF3,-0.8383,0.000603,1.306361,-0.418087,0.0,0.049563
2015,ITSA4,OIBR4,0.8308,0.036956,-0.130957,0.173065,-0.0,0.050602
2015,ITUB4,MDIA3,0.819,0.020938,0.402129,0.515112,-0.0,0.044495
2015,ITUB4,MULT3,0.8935,0.022954,0.071781,0.765275,-0.0,0.034818
2015,ITUB4,RENT3,0.8456,0.025267,1.150434,0.419975,-0.0,0.041392
2015,JBSS3,VLID3,0.8502,0.003285,-2.597847,1.513184,0.0,0.073693
2015,KLBN11,SEDU3,0.925,0.013779,-2.19828,1.813422,0.0,0.061291
2015,LIGT3,PETR4,0.8869,0.008898,1.975174,0.66513,0.0,0.069995
2015,LREN3,SANB11,0.888,0.04935,-0.568789,1.446091,0.0,0.065777
2015,LREN3,VLID3,0.9133,0.00024,-3.006345,1.66117,0.0,0.05827
2015,MBRF3,MDIA3,-0.8405,0.025258,4.8107,-1.242823,0.0,0.098766
2015,MBRF3,MULT3,-0.8404,0.005965,5.226938,-1.692095,0.0,0.098801
2015,MBRF3,OIBR4,-0.8182,0.049906,3.021611,-0.341755,0.0,0.104806
2015,MBRF3,PCAR4,-0.8797,0.006509,3.912471,-0.66869,0.0,0.086687
2015,MBRF3,RENT3,-0.8403,0.02317,2.943342,-0.981185,0.0,0.09881
2015,MBRF3,VVAR11,-0.8736,0.037654,1.69339,-0.276902,0.0,0.088698
2015,MDIA3,MOTV3,0.8596,0.008405,0.424791,1.133113,0.0,0.062988
2015,MDIA3,MULT3,0.8439,0.006764,0.189086,1.149165,0.0,0.066131
2015,MDIA3,NATU3,0.9067,0.01116,0.752458,0.928288,-0.0,0.051982
2015,MDIA3,RENT3,0.9407,0.005036,1.592464,0.742839,-0.0,0.041803
2015,MOTV3,NATU3,0.8347,0.009305,0.707762,0.648258,-0.0,0.051501
2015,MOTV3,PCAR4,0.8543,0.023676,0.869158,0.333166,-0.0,0.048606
2015,MOTV3,QUAL3,0.8471,0.006178,1.103252,0.48501,-0.0,0.049701
2015,MOTV3,RENT3,0.8078,0.049076,1.361617,0.483883,-0.0,0.055126
2015,MOTV3,VVAR11,0.8365,0.023098,1.97927,0.13603,-0.0,0.051237
2015,MULT3,MYPK3,-0.807,0.0072,3.50118,-0.479883,0.0,0.053465
2015,MULT3,RENT3,0.907,0.003418,1.453538,0.525953,-0.0,0.038126
2015,MYPK3,OIBR4,-0.8833,0.012587,3.929868,-0.308122,0.0,0.07138
2015,MYPK3,PCAR4,-0.9224,0.001298,4.65897,-0.585568,0.0,0.058805
2015,MYPK3,QUAL3,-0.8846,0.005105,4.178931,-0.824527,-0.0,0.07099
2015,MYPK3,VIVT4,-0.8426,0.020332,6.79588,-1.351176,-0.0,0.08199
2015,MYPK3,VVAR11,-0.914,0.032321,2.714495,-0.241949,-0.0,0.061756
2015,NATU3,POMO4,0.8701,0.045896,2.431675,0.645868,0.0,0.059342
2015,NATU3,SEER3,0.8505,0.001008,1.522989,0.418621,0.0,0.06334
2015,QUAL3,SULA11,-0.8516,0.032751,4.108908,-0.709586,0.0,0.085615
2015,QUAL3,VIVT4,0.8552,0.004412,-2.598859,1.471377,0.0,0.08465
2015,SAUD3,TOTS3,0.8017,0.000586,0.53172,0.538976,0.0,0.031661
2015,SEDU3,SUZB5,0.9031,0.0054,1.41279,0.411461,-0.0,0.035346
2015,SULA11,TIMS3,-0.8938,0.026286,4.513375,-1.223344,0.0,0.087897
2016,AESB3,ALSC3,0.8814,0.040408,0.340525,0.762694,-0.0,0.059571
2016,AESB3,COGN3,0.9028,0.023646,0.990072,0.57832,-0.0,0.054217
2016,AESB3,CPLE6,0.9302,0.013266,2.093183,0.640494,-0.0,0.04628
2016,AESB3,EGIE3,0.9456,0.011122,-1.136424,1.412536,0.0,0.041031
2016,AESB3,FIBR3,-0.8858,0.049192,3.82573,-0.465063,-0.0,0.058508
2016,AESB3,IGTA3,0.9129,0.01492,-0.220035,0.79628,-0.0,0.051467
2016,AESB3,LREN3,0.9186,0.012949,0.452579,0.755607,-0.0,0.049827
2016,AESB3,MOTV3,0.9203,0.020375,0.310159,0.837455,-0.0,0.049324
2016,AESB3,MULT3,0.8945,0.037791,0.340918,0.74634,-0.0,0.056367
2016,AESB3,POMO4,0.914,0.001367,2.220871,0.623967,-0.0,0.051145
2016,AESB3,RAPT4,0.9344,0.008938,1.963414,0.389461,-0.0,0.044929
2016,AESB3,SBSP3,0.8936,0.039047,1.328173,0.713958,-0.0,0.056607
2016,AESB3,SUZB5,-0.8427,0.023391,4.040971,-0.695486,-0.0,0.067877
2016,AESB3,VIVT4,0.9111,0.047284,-1.115969,0.993691,-0.0,0.051982
2016,ALSC3,BBDC4,0.9595,0.013123,1.224348,0.67744,0.0,0.04107
2016,ALSC3,BRSR6,0.9581,0.002796,1.996621,0.42102,0.0,0.041725
2016,ALSC3,COGN3,0.9361,0.019988,1.00141,0.692941,0.0,0.051245
2016,ALSC3,CTIP3,0.9086,0.033753,-4.660188,1.958307,0.0,0.060857
2016,ALSC3,ITSA4,0.957,0.0052,1.666428,0.983138,0.0,0.042257
2016,ALSC3,MPLU3,0.8878,0.009526,-0.19991,0.823466,0.0,0.06705
2016,ALSC3,PETR3,0.9344,0.032992,2.066954,0.418886,0.0,0.051909
2016,ALSC3,PETR4,0.9378,0.036229,2.276374,0.342652,0.0,0.050583
2016,ALSC3,RUMO3,0.8638,0.0028,2.086147,0.325901,0.0,0.073428
2016,ALSC3,TIMS3,0.8966,0.013813,0.817424,1.13452,0.0,0.064536
2016,ALSC3,VIVT4,0.9001,0.043721,-1.32814,1.134494,0.0,0.063481
2016,AXIA6,LAME3,0.8797,0.03041,-1.43095,2.317405,-0.0,0.198931
2016,B3SA3,CYRE3,0.9372,0.020566,-0.911199,1.385377,0.0,0.067285
2016,B3SA3,RUMO3,0.8183,0.001061,0.664759,0.408659,-0.0,0.110868
2016,B3SA3,UGPA3,0.9404,0.029161,-5.408951,2.082329,-0.0,0.065604
2016,B3SA3,VIVT4,0.9351,0.044859,-4.091222,1.560022,0.0,0.068349
2016,BBAS3,GGBR4,0.9635,0.027874,0.874091,0.627331,-0.0,0.06807
2016,BBAS3,GOAU4,0.9688,0.011551,1.635637,0.508739,-0.0,0.062968
2016,BBDC3,CSNA3,0.9398,0.040209,1.362383,0.438404,-0.0,0.059759
2016,BBDC4,BRSR6,0.9808,0.005335,1.15562,0.610399,0.0,0.040253
2016,BBDC4,COGN3,0.9493,0.048299,-0.265673,0.995222,0.0,0.064882
2016,BBDC4,CSAN3,0.963,0.032325,0.003043,1.076471,0.0,0.055581
2016,BBDC4,ITSA4,0.9854,0.012935,0.6691,1.433667,0.0,0.035164
2016,BBDC4,RUMO3,0.8521,0.00391,1.311922,0.455355,0.0,0.108007
2016,BBDC4,TIMS3,0.9272,0.044625,-0.580294,1.661671,0.0,0.077313
2016,BBSE3,MRVE3,0.8935,0.012641,0.928099,0.804297,-0.0,0.051424
2016,BBSE3,PSSA3,0.8063,0.004937,-0.026934,1.213637,-0.0,0.067725
2016,BBSE3,UGPA3,0.8969,0.026726,-1.306977,1.179061,-0.0,0.050631
2016,BEEF3,CIEL3,-0.824,0.01581,4.263696,-0.826352,0.0,0.059726
2016,BRAP4,CTIP3,0.9463,0.00724,-23.090226,6.318097,0.0,0.145913
2016,BRML3,CYRE3,0.9483,0.02181,0.667057,0.979854,0.0,0.042805
2016,BRML3,DXCO3,0.9298,0.039885,1.255455,0.68819,0.0,0.049621
2016,BRML3,UGPA3,0.9099,0.016694,-2.30692,1.408452,-0.0,0.055919
2016,BRSR6,CPFE3,0.9498,0.028426,-2.793561,1.764866,-0.0,0.103735
2016,BRSR6,ITSA4,0.9791,0.000233,-0.740983,2.289061,-0.0,0.067367
2016,BRSR6,MDIA3,0.9299,0.014063,-2.025716,1.059791,-0.0,0.121993
2016,BRSR6,PCAR4,0.8856,0.048454,-6.894264,2.158851,0.0,0.154034
2016,BRSR6,RUMO3,0.9024,0.019537,0.211426,0.774861,0.0,0.142875
2016,BRSR6,USIM5,0.9601,0.028428,1.02346,0.618831,0.0,0.092781
2016,CIEL3,MYPK3,0.8698,0.035452,1.822525,0.439025,-0.0,0.051852
2016,CMIG4,ELPL4,0.875,0.038864,-1.731364,0.969787,-0.0,0.107964
2016,CMIG4,HGTX3,0.9305,0.016226,-3.067105,1.35844,-0.0,0.081672
2016,CMIG4,MRVE3,0.8914,0.03555,-2.641911,1.562794,-0.0,0.101046
2016,CMIG4,PCAR4,0.9017,0.032011,-5.293185,1.478235,0.0,0.096391
2016,CMIG4,POMO4,0.9208,0.00203,0.223329,1.111594,-0.0,0.08697
2016,CMIG4,SUZB5,-0.8307,0.034796,3.399783,-1.212377,-0.0,0.12413
2016,COGN3,CPLE6,0.9384,0.017056,1.941814,1.008701,0.0,0.068024
2016,COGN3,CVCB3,0.9365,0.024781,0.276028,0.712433,0.0,0.06902
2016,COGN3,ENBR3,0.9413,0.002831,-1.455076,1.718076,-0.0,0.066469
2016,COGN3,ISAE4,0.9289,0.038644,0.214584,1.122113,-0.0,0.072882
2016,COGN3,ITSA4,0.9314,0.048401,1.07831,1.292555,-0.0,0.071667
2016,COGN3,LREN3,0.9434,0.012316,-0.694696,1.211383,-0.0,0.065311
2016,COGN3,MULT3,0.947,0.004801,-0.971428,1.233451,-0.0,0.063256
2016,COGN3,RADL3,0.9634,0.000984,-0.166481,1.087864,-0.0,0.052755
2016,COGN3,RAPT4,0.9376,0.025996,1.740362,0.610129,-0.0,0.068431
2016,COGN3,RUMO3,0.8821,0.00038,1.597376,0.449647,-0.0,0.092712
2016,COGN3,SBSP3,0.9487,0.000991,0.655382,1.183398,0.0,0.06222
2016,COGN3,SMLS3,0.9692,3.8e-05,-0.359654,0.808896,-0.0,0.048511
2016,CPFE3,CTIP3,0.9515,0.045797,-6.916814,2.511504,0.0,0.05493
2016,CPFE3,EQTL3,0.9613,0.039135,0.207818,1.083956,0.0,0.049161
2016,CPFE3,FLRY3,0.9654,0.049298,1.363458,0.489209,0.0,0.046558
2016,CPFE3,PETR3,0.9481,0.027917,1.731495,0.520536,0.0,0.05676
2016,CPFE3,PETR4,0.9469,0.024557,1.993633,0.423727,0.0,0.057377
2016,CPFE3,RUMO3,0.8595,0.00011,1.767385,0.397201,0.0,0.091203
2016,CPFE3,USIM5,0.9432,0.017655,2.177421,0.327186,0.0,0.059298
2016,CPLE6,IGTA3,0.9185,0.039358,-3.358017,1.163601,-0.0,0.072395
2016,CPLE6,LREN3,0.9349,0.046541,-2.406488,1.116883,-0.0,0.064981
2016,CPLE6,POMO4,0.9006,0.04735,0.211751,0.892917,-0.0,0.079581
2016,CPLE6,RAPT4,0.9351,0.001672,-0.164614,0.566097,0.0,0.064878
2016,CPLE6,RUMO3,0.8233,0.030278,-0.255813,0.390382,0.0,0.103958
2016,CPLE6,SAUD3,0.8599,0.035762,-2.175236,1.320663,-0.0,0.093477
2016,CPLE6,SUZB5,-0.8516,0.046767,2.879334,-1.020649,-0.0,0.096004
2016,CSAN3,CTIP3,0.956,0.014195,-7.795441,2.610643,0.0,0.054185
2016,CSAN3,ITSA4,0.9466,0.04284,0.712445,1.232089,-0.0,0.059546
2016,CSAN3,PETR3,0.9597,0.004617,1.189193,0.545133,0.0,0.051886
2016,CSAN3,PETR4,0.9562,0.007365,1.464687,0.442692,0.0,0.054023
2016,CSAN3,RUMO3,0.8552,0.00074,1.237821,0.40883,-0.0,0.095707
2016,CSMG3,CTIP3,0.972,0.0,-18.971838,5.47095,0.0,0.089456
2016,CSMG3,EMBJ3,-0.9519,0.048023,5.874946,-1.581356,0.0,0.116611
2016,CSMG3,EQTL3,0.9848,0.015952,-3.464976,2.367784,0.0,0.066166
2016,CSMG3,RADL3,0.9502,0.013925,-3.405323,2.074159,-0.0,0.118592
2016,CSMG3,RUMO3,0.9087,7.7e-05,-0.101203,0.895407,0.0,0.158857
2016,CTIP3,CVCB3,0.9734,0.009442,2.982426,0.254323,0.0,0.015487
2016,CTIP3,ECOR3,0.9385,0.039347,3.292408,0.237585,-0.0,0.023336
2016,CTIP3,EMBJ3,-0.9313,0.000991,4.500386,-0.274857,0.0,0.024633
2016,CTIP3,EQTL3,0.9589,0.016575,2.880904,0.409604,-0.0,0.019189
2016,CTIP3,KLBN11,-0.8124,0.047703,5.044019,-0.583072,-0.0,0.039422
2016,CTIP3,PETR3,0.9412,0.006102,3.457836,0.195765,0.0,0.022845
2016,CTIP3,PETR4,0.9376,0.00531,3.556799,0.158945,0.0,0.023509
2016,CTIP3,USIM5,0.9188,0.009862,3.626979,0.120746,-0.0,0.026686
2016,CVCB3,RADL3,0.9529,0.006997,-0.366613,1.414384,-0.0,0.078498
2016,CVCB3,RUMO3,0.881,0.036332,1.917849,0.590306,-0.0,0.122428
2016,CYRE3,ECOR3,0.8751,0.049196,0.85612,0.4275,-0.0,0.063146
2016,CYRE3,EZTC3,0.9407,0.015263,0.005938,0.870463,-0.0,0.044261
2016,CYRE3,MOTV3,0.9013,0.036178,-0.43894,0.848658,0.0,0.056512
2016,CYRE3,SMLS3,0.8307,0.049008,0.086927,0.459531,-0.0,0.07264
2016,CYRE3,UGPA3,0.9085,5.8e-05,-2.788902,1.360951,-0.0,0.054513
2016,CYRE3,VIVT4,0.8838,0.040045,-1.850929,0.997366,-0.0,0.061055
2016,DXCO3,MYPK3,0.9023,0.039287,-0.384885,0.789317,-0.0,0.078535
2016,ECOR3,MULT3,0.9537,0.031285,-2.734801,1.685415,-0.0,0.080303
2016,ECOR3,RADL3,0.9503,0.030631,-1.565658,1.455851,-0.0,0.083145
2016,ECOR3,RUMO3,0.8996,0.001131,0.763383,0.622096,0.0,0.116657
2016,EGIE3,FIBR3,-0.922,0.010181,3.496039,-0.324034,-0.0,0.032681
2016,EGIE3,MYPK3,0.8723,0.018111,1.638162,0.353608,-0.0,0.041276
2016,EGIE3,SUZB5,-0.8661,0.008621,3.630817,-0.478457,-0.0,0.042198
2016,ELPL4,TAEE11,0.8529,0.044387,-0.389276,1.282194,0.0,0.105031
2016,EMBJ3,EQTL3,-0.9376,0.038661,5.62494,-1.357028,-0.0,0.079643
2016,EMBJ3,ISAE4,-0.9441,0.025039,5.361148,-1.327034,0.0,0.075531
2016,EMBJ3,MDIA3,-0.9537,0.010426,5.337414,-0.750839,0.0,0.068902
2016,EMBJ3,MOTV3,-0.8877,0.042603,6.418146,-1.467396,-0.0,0.105476
2016,EMBJ3,MPLU3,-0.8564,0.04606,7.134053,-1.248627,-0.0,0.118281
2016,EMBJ3,QUAL3,-0.9291,0.007663,5.360412,-1.024747,0.0,0.084697
2016,EMBJ3,RUMO3,-0.8937,3e-06,3.723233,-0.530083,-0.0,0.10278
2016,EMBJ3,SMLS3,-0.9235,0.015764,5.844603,-0.896949,-0.0,0.08786
2016,ENBR3,ENGI11,0.9254,0.008561,0.958736,0.514128,0.0,0.040878
2016,ENBR3,GOLL54,0.9485,6.2e-05,2.79001,0.201018,0.0,0.034156
2016,ENBR3,HGTX3,0.915,0.004733,0.535999,0.64602,0.0,0.043522
2016,ENBR3,LAME3,0.9252,0.024185,1.221492,0.628449,0.0,0.040921
2016,ENBR3,MDIA3,0.9357,0.012345,1.057121,0.346827,0.0,0.038053
2016,ENBR3,QUAL3,0.8878,0.046921,1.076073,0.461015,0.0,0.049628
2016,ENBR3,RAPT4,0.923,0.035643,1.883506,0.329042,0.0,0.041505
2016,ENBR3,RUMO3,0.8509,0.004386,1.813943,0.237612,0.0,0.056659
2016,ENBR3,YDUQ3,0.9089,0.000348,1.03875,0.487086,0.0,0.044963
2016,ENGI11,GOLL54,0.9305,0.014537,3.452708,0.354923,0.0,0.071123
2016,ENGI11,POMO4,0.9031,0.04253,2.233422,0.949092,0.0,0.083344
2016,ENGI11,RUMO3,0.8757,0.021569,1.697419,0.440175,0.0,0.093715
2016,ENGI11,YDUQ3,0.9377,0.002316,0.256493,0.904407,0.0,0.067464
2016,EQTL3,ISAE4,0.9755,0.005897,0.250917,0.947374,-0.0,0.034844
2016,EQTL3,MDIA3,0.9638,0.021452,0.305988,0.524266,-0.0,0.042211
2016,EQTL3,PETR4,0.9225,0.036853,1.670225,0.366089,-0.0,0.061099
2016,EQTL3,RUMO3,0.8874,0.000267,1.443045,0.363676,-0.0,0.07296
2016,EQTL3,YDUQ3,0.8587,0.024402,0.421246,0.675312,0.0,0.081107
2016,EZTC3,MOTV3,0.9486,0.01165,-0.487809,0.965233,0.0,0.044624
2016,EZTC3,UGPA3,0.908,0.019132,-2.909208,1.46984,-0.0,0.059086
2016,EZTC3,VIVT4,0.9135,0.035269,-2.024004,1.114173,0.0,0.057352
2016,FIBR3,LREN3,-0.9318,0.038151,6.846434,-1.459839,0.0,0.087207
2016,FIBR3,MOTV3,-0.9171,0.02845,7.053515,-1.589548,-0.0,0.095756
2016,FIBR3,MPLU3,-0.8297,0.010263,7.544154,-1.268493,-0.0,0.134054
2016,FIBR3,MYPK3,-0.8927,0.011191,5.593402,-1.029763,0.0,0.108213
2016,FIBR3,SAUD3,-0.9097,0.032805,6.74706,-1.83239,0.0,0.09973
2016,FLRY3,PETR3,0.9584,0.019991,0.784376,1.03836,-0.0,0.100534
2016,FLRY3,PETR4,0.9659,0.008831,1.300257,0.852927,-0.0,0.091177
2016,FLRY3,RUMO3,0.9107,7e-05,0.796964,0.83049,-0.0,0.145434
2016,FLRY3,USIM5,0.9617,0.011691,1.670369,0.658335,-0.0,0.096501
2016,GGBR4,SANB11,0.9595,0.012101,-2.601272,1.657084,-0.0,0.109993
2016,GOLL54,HGTX3,0.954,0.000464,-11.123286,3.178528,0.0,0.152499
2016,GOLL54,ITSA4,0.9238,0.023625,-6.14159,3.314288,-0.0,0.194829
2016,GOLL54,LAME3,0.9579,0.036629,-7.717178,3.07023,-0.0,0.146054
2016,GOLL54,POMO4,0.9304,0.000407,-3.418434,2.563095,0.0,0.186593
2016,HGTX3,LAME3,0.9444,0.047135,1.159296,0.908514,-0.0,0.050225
2016,HGTX3,POMO4,0.926,0.000462,2.430236,0.765686,0.0,0.057679
2016,IGTA3,LREN3,0.966,0.003478,0.938369,0.910938,0.0,0.037391
2016,IGTA3,MOTV3,0.9695,2.9e-05,0.76224,1.011462,0.0,0.035408
2016,IGTA3,MPLU3,0.8497,0.003169,0.535853,0.78184,0.0,0.076229
2016,IGTA3,MULT3,0.9864,0.049074,0.687915,0.943538,-0.0,0.023762
2016,IGTA3,RENT3,0.9605,0.002184,1.839668,0.657972,-0.0,0.040217
2016,IGTA3,RUMO3,0.833,0.0,2.702676,0.311801,0.0,0.07999
2016,IGTA3,SBSP3,0.9602,0.014134,1.967848,0.879599,0.0,0.04036
2016,IGTA3,SMLS3,0.9548,0.000508,1.265937,0.585213,0.0,0.042987
2016,IGTA3,VIVT4,0.9398,0.022823,-0.873879,1.175164,0.0,0.049397
2016,ISAE4,MDIA3,0.971,0.026734,0.089119,0.543828,0.0,0.038993
2016,ISAE4,RADL3,0.9416,0.0466,-0.137732,0.880181,-0.0,0.054877
2016,ISAE4,RUMO3,0.8977,0.000456,1.26619,0.378807,0.0,0.071798
2016,ISAE4,SBSP3,0.9515,0.014584,0.492611,0.982498,0.0,0.05015
2016,ISAE4,SMLS3,0.9487,0.011817,-0.297317,0.655474,-0.0,0.051546
2016,ITSA4,LAME3,0.9288,0.049379,-0.327816,0.829744,-0.0,0.05257
2016,ITSA4,PCAR4,0.9108,0.037257,-2.713707,0.949767,0.0,0.058558
2016,ITSA4,PETR3,0.9522,0.027904,0.420556,0.415534,0.0,0.043326
2016,ITSA4,PETR4,0.9542,0.018771,0.628791,0.339373,0.0,0.042442
2016,ITSA4,RUMO3,0.8642,0.008176,0.448716,0.317396,0.0,0.071378
2016,ITSA4,TIMS3,0.9501,0.002673,-0.889095,1.170318,-0.0,0.04425
2016,ITSA4,USIM5,0.9479,0.001911,0.776426,0.261353,0.0,0.045186
2016,ITUB4,PCAR4,0.9187,0.017477,-2.250482,1.126079,0.0,0.065872
2016,ITUB4,PETR3,0.9658,0.041659,1.462148,0.495447,0.0,0.043218
2016,ITUB4,PETR4,0.9665,0.036725,1.710926,0.404099,0.0,0.042774
2016,ITUB4,TIMS3,0.9462,0.022043,-0.059849,1.370095,-0.0,0.053947
2016,ITUB4,USIM5,0.9509,0.015309,1.888601,0.308183,0.0,0.051622
2016,LAME3,POMO4,0.9334,0.006704,1.405089,0.802346,-0.0,0.056962
2016,LAME3,RUMO3,0.8456,0.021719,0.989799,0.347649,0.0,0.084756
2016,LAME4,POMO4,0.8405,0.045098,1.839471,0.532824,0.0,0.063439
2016,LEVE3,TOTS3,0.8403,3.7e-05,1.056302,0.524161,0.0,0.034744
2016,LINX3,WEGE3,0.8274,0.006862,1.603265,0.741951,-0.0,0.045682
2016,LREN3,MOTV3,0.9484,0.008715,-0.046831,1.04918,0.0,0.048607
2016,LREN3,MPLU3,0.8688,0.006357,-0.406058,0.84771,0.0,0.075913
2016,LREN3,QUAL3,0.9117,0.040324,0.852772,0.672909,0.0,0.062985
2016,LREN3,RAPT4,0.969,0.026578,2.021606,0.491008,0.0,0.037898
2016,LREN3,RUMO3,0.8541,1.8e-05,1.941837,0.339031,0.0,0.079728
2016,LREN3,SBSP3,0.922,0.043615,1.227038,0.895557,0.0,0.059369
2016,LREN3,SMLS3,0.9577,8e-05,0.425008,0.622479,-0.0,0.044109
2016,MDIA3,RUMO3,0.9202,2.8e-05,2.169533,0.693249,0.0,0.113908
2016,MGLU3,SANB11,0.9846,0.000384,-6.021484,2.741485,-0.0,0.109965
2016,MOTV3,MPLU3,0.859,0.025906,-0.171824,0.757633,0.0,0.070952
2016,MOTV3,MULT3,0.9576,0.005162,0.071499,0.878061,-0.0,0.039905
2016,MOTV3,RENT3,0.9535,0.003151,1.115185,0.626076,-0.0,0.041773
2016,MOTV3,RUMO3,0.8364,0.004586,1.931088,0.300094,-0.0,0.075963
2016,MOTV3,SAUD3,0.8791,0.045588,0.443372,1.021615,-0.0,0.066048
2016,MOTV3,TAEE11,0.9097,0.020157,0.500058,0.941957,0.0,0.05754
2016,MPLU3,MULT3,0.8173,0.045553,1.139732,0.849634,-0.0,0.090522
2016,MPLU3,MYPK3,0.92,0.002945,1.806036,0.694138,-0.0,0.061576
2016,MPLU3,POMO4,0.8558,0.013479,3.277193,0.727895,-0.0,0.081268
2016,MPLU3,RAPT4,0.9004,0.036632,2.964826,0.467615,-0.0,0.068344
2016,MPLU3,RENT3,0.9079,0.00891,2.006363,0.675883,-0.0,0.065857
2016,MPLU3,SUZB5,-0.8043,0.0303,5.43934,-0.827007,-0.0,0.093353
2016,MRVE3,PCAR4,0.8497,0.037754,-1.114439,0.79457,0.0,0.067058
2016,MRVE3,TIMS3,0.8916,0.017442,0.402975,0.984871,0.0,0.057588
2016,MRVE3,UGPA3,0.909,0.005623,-2.332692,1.327385,-0.0,0.053023
2016,MRVE3,VIVT4,0.9239,0.035533,-1.568632,1.016424,0.0,0.048682
2016,MULT3,PETR3,0.8623,0.048821,2.145588,0.400947,0.0,0.076523
2016,MULT3,PETR4,0.8561,0.032356,2.349281,0.324437,0.0,0.078094
2016,MULT3,RENT3,0.9545,0.008475,1.24882,0.68358,0.0,0.045046
2016,MULT3,RUMO3,0.8112,2e-06,2.155479,0.317428,0.0,0.088386
2016,MULT3,SBSP3,0.9539,0.039939,1.382494,0.913466,0.0,0.045368
2016,MULT3,SMLS3,0.9356,0.000138,0.680499,0.599529,0.0,0.053349
2016,MULT3,UGPA3,0.9223,0.039745,-2.50696,1.600273,-0.0,0.058413
2016,MULT3,VIVT4,0.9417,0.0105,-1.605093,1.230963,-0.0,0.050866
2016,MYPK3,SUZB5,-0.8408,0.041566,5.121199,-1.145827,0.0,0.112718
2016,OIBR3,OIBR4,0.9465,0.049032,-1.082816,1.260756,0.0,0.163672
2016,PCAR4,TIMS3,0.9012,0.005955,2.183077,1.064561,-0.0,0.058951
2016,PETR3,PETR4,0.9954,0.036006,0.50608,0.811307,-0.0,0.03101
2016,PETR3,USIM5,0.9696,0.016474,0.866606,0.612634,0.0,0.07948
2016,PETR4,USIM5,0.9753,0.029023,0.44379,0.756061,0.0,0.088092
2016,POMO4,SMLS3,0.8812,0.018,-2.110416,0.69011,-0.0,0.087335
2016,POMO4,YDUQ3,0.8161,0.019451,-1.604796,0.749083,0.0,0.106736
2016,QUAL3,RUMO3,0.9069,0.002478,1.643356,0.48772,-0.0,0.087517
2016,RADL3,RUMO3,0.8247,0.000263,1.684848,0.372299,0.0,0.098586
2016,RADL3,SBSP3,0.9728,0.000703,0.773806,1.074575,0.0,0.040408
2016,RADL3,SMLS3,0.953,0.0,-0.0491,0.704384,-0.0,0.052844
2016,RADL3,USIM5,0.8695,0.010772,2.076687,0.29464,0.0,0.086114
2016,RAPT4,RUMO3,0.893,0.002609,-0.176376,0.699479,0.0,0.136173
2016,RAPT4,SMLS3,0.9521,0.0136,-3.098913,1.221171,0.0,0.092534
2016,RENT3,RUMO3,0.9036,0.010139,1.28087,0.493765,0.0,0.09041
2016,RUMO3,SBSP3,0.8067,0.001523,-1.184984,1.97415,-0.0,0.228211
2016,RUMO3,SMLS3,0.9026,0.015195,-3.299636,1.477906,-0.0,0.16627
2016,RUMO3,TAEE11,0.8246,0.002381,-3.241311,2.379737,0.0,0.218447
2016,RUMO3,USIM5,0.9045,0.04568,1.122659,0.678979,0.0,0.164718
2016,RUMO3,VIVT4,0.8247,0.016051,-7.968416,2.754925,-0.0,0.218412
2016,SAUD3,TAEE11,0.886,0.026802,0.322352,0.789383,0.0,0.055301
2016,SAUD3,VIVT4,0.9053,0.020376,-1.314273,0.933698,0.0,0.050656
2016,SBSP3,SMLS3,0.9425,7.3e-05,-0.684278,0.630639,-0.0,0.052753
2016,SBSP3,YDUQ3,0.8028,0.018698,-0.09328,0.629562,0.0,0.094089
2016,TAEE11,VIVT4,0.9149,0.048598,-1.645704,1.059015,-0.0,0.054036
2016,VALE3,VVAR11,0.9019,0.044882,0.595372,0.831786,-0.0,0.127021
2017,ABEV3,AMER3,0.9151,0.007659,0.678468,0.260621,-0.0,0.02757
2017,ABEV3,AZZA3,0.9505,0.015584,1.551355,0.303501,-0.0,0.021249
2017,ABEV3,B3SA3,0.942,0.017283,1.533058,0.64868,-0.0,0.02294
2017,ABEV3,COGN3,0.9486,0.002059,1.388054,0.465665,-0.0,0.021628
2017,ABEV3,EZTC3,0.8865,0.016701,1.316246,0.575824,-0.0,0.031631
2017,ABEV3,HGTX3,0.9608,0.002339,1.567717,0.336464,-0.0,0.018959
2017,ABEV3,ITSA3,0.8417,0.009021,1.686866,0.709527,-0.0,0.036908
2017,ABEV3,ITUB3,0.8645,0.03843,0.788701,0.804077,-0.0,0.034365
2017,ABEV3,ITUB4,0.8414,0.031871,0.748027,0.753492,-0.0,0.036942
2017,ABEV3,LREN3,0.9652,0.001248,1.135653,0.50271,-0.0,0.017889
2017,ABEV3,PSSA3,0.9389,0.024556,1.288174,0.562394,-0.0,0.023536
2017,ABEV3,SAUD3,0.9364,0.031495,1.679884,0.43312,-0.0,0.023994
2017,ABEV3,VIVT4,0.9509,0.001333,-2.118607,1.298038,-0.0,0.021161
2017,ABEV3,VVAR11,0.9299,0.00105,2.014736,0.21122,-0.0,0.025141
2017,ABEV3,WEGE3,0.967,0.000281,1.325566,0.677936,-0.0,0.017413
2017,AMER3,AXIA6,0.8136,0.049872,4.290074,1.275024,0.0,0.139563
2017,AMER3,AZZA3,0.9491,0.010303,3.687892,1.064096,0.0,0.075596
2017,AMER3,GOLL54,0.913,0.049112,9.244679,0.973782,0.0,0.097935
2017,AMER3,ITSA3,0.9066,0.010745,3.918448,2.683108,0.0,0.101306
2017,AMER3,ITUB3,0.9355,0.000455,0.489752,3.055169,0.0,0.084811
2017,AMER3,MYPK3,0.9215,0.023934,3.371804,1.529969,0.0,0.093219
2017,AMER3,VIVT4,0.9428,0.004514,-9.06329,4.518939,-0.0,0.079988
2017,AMER3,YDUQ3,0.9763,1.3e-05,4.917655,0.85394,0.0,0.051921
2017,AXIA3,DXCO3,0.8055,0.013538,-0.530433,1.802587,0.0,0.116043
2017,AXIA3,GOLL54,0.8358,0.020588,3.755309,0.727346,-0.0,0.107513
2017,AXIA3,ITSA3,0.8835,0.019034,-0.384868,2.133455,0.0,0.091728
2017,AXIA3,ITSA4,0.8903,0.00934,-0.349465,2.083275,-0.0,0.089163
2017,AXIA3,ITUB3,0.8682,0.036865,-2.853942,2.313484,0.0,0.097157
2017,AXIA3,ITUB4,0.8753,0.033607,-3.158885,2.24546,0.0,0.094698
2017,AXIA3,SANB11,0.8264,0.048484,-3.732934,2.201291,-0.0,0.110277
2017,AXIA6,DXCO3,0.849,0.006634,0.021152,1.485872,0.0,0.080918
2017,AXIA6,GOLL54,0.8757,0.011177,3.546728,0.59601,0.0,0.073934
2017,AXIA6,HYPE3,0.8089,0.015431,-2.595301,1.621995,-0.0,0.090033
2017,AXIA6,ITSA3,0.9126,0.005871,0.185234,1.723366,0.0,0.062625
2017,AXIA6,ITSA4,0.9213,0.002177,0.209929,1.685918,0.0,0.059551
2017,AXIA6,ITUB3,0.9135,0.006414,-1.886479,1.903566,0.0,0.062309
2017,AXIA6,ITUB4,0.9103,0.008806,-2.085556,1.826213,0.0,0.063409
2017,AXIA6,PETR4,0.8609,0.040137,0.612553,1.382053,-0.0,0.077919
2017,AXIA6,SANB11,0.8031,0.042448,-2.232128,1.67312,0.0,0.091246
2017,AZZA3,B3SA3,0.9685,0.006195,0.018022,2.088553,0.0,0.053308
2017,AZZA3,COGN3,0.9578,0.025756,-0.38019,1.472357,0.0,0.061552
2017,AZZA3,EGIE3,0.8793,0.047537,-5.466077,3.59771,0.0,0.101972
2017,AZZA3,MYPK3,0.9729,0.00357,-0.304442,1.440708,0.0,0.049529
2017,AZZA3,PSSA3,0.9477,0.007662,-0.695154,1.777831,0.0,0.068314
2017,AZZA3,SAUD3,0.97,0.004936,0.468961,1.405065,0.0,0.052053
2017,AZZA3,USIM5,0.9686,0.005063,2.444483,0.62823,0.0,0.053188
2017,AZZA3,VIVT4,0.9338,0.019502,-11.062182,3.992032,-0.0,0.076587
2017,AZZA3,VVAR11,0.9661,0.023007,1.54998,0.687194,0.0,0.055281
2017,AZZA3,WEGE3,0.9466,0.021747,-0.457479,2.078237,0.0,0.069021
2017,B3SA3,EGIE3,0.8814,0.006271,-2.502484,1.672389,0.0,0.046892
2017,B3SA3,IGTA3,0.9646,0.030102,-2.350973,1.129288,0.0,0.026172
2017,B3SA3,LREN3,0.9567,0.016655,-0.465808,0.723678,-0.0,0.028879
2017,B3SA3,MULT3,0.9114,0.048987,-2.831724,1.539306,-0.0,0.040855
2017,B3SA3,MYPK3,0.9652,0.004698,-0.085445,0.662789,-0.0,0.025975
2017,B3SA3,POMO4,0.9587,0.01791,1.427484,0.453181,-0.0,0.02823
2017,B3SA3,RENT3,0.9421,0.049361,0.082049,0.604731,0.0,0.03328
2017,B3SA3,VVAR11,0.9622,0.037971,0.764379,0.317381,-0.0,0.027038
2017,BBDC4,EZTC3,0.9573,0.002013,0.280885,0.948158,0.0,0.030145
2017,BBDC4,ITSA3,0.9651,0.03021,0.800743,1.240571,0.0,0.02729
2017,BBDC4,TIMS3,0.9476,0.01324,-0.033321,1.240817,0.0,0.033299
2017,BRAP4,EGIE3,0.8899,0.037522,-3.947411,2.135746,0.0,0.057283
2017,BRAP4,ENBR3,0.8705,0.014271,-3.328446,2.0045,-0.0,0.061807
2017,BRAP4,MULT3,0.8122,0.046497,-3.703266,1.735244,-0.0,0.073247
2017,BRAP4,VALE5,0.9809,0.005249,-3.706937,1.500981,-0.0,0.02444
2017,BRKM5,CESP6,-0.8382,0.031829,6.483181,-1.228372,-0.0,0.078795
2017,BRML3,ENBR3,0.8396,0.035818,0.20698,0.982346,-0.0,0.034656
2017,BRML3,EZTC3,0.8835,0.04422,1.304325,0.535571,-0.0,0.029891
2017,BRSR6,CSAN3,0.8208,0.032033,-0.993827,1.475333,-0.0,0.057047
2017,CESP6,TOTS3,-0.8204,0.004006,5.722447,-1.441197,0.0,0.056385
2017,COGN3,EZTC3,0.8914,0.0423,-0.029502,1.179501,0.0,0.063116
2017,COGN3,LREN3,0.9526,0.044128,-0.345044,1.010737,-0.0,0.04238
2017,COGN3,MYPK3,0.9294,0.019706,0.263734,0.895305,0.0,0.051398
2017,COGN3,SEER3,0.9417,0.012158,0.103161,0.811868,0.0,0.046849
2017,COGN3,VIVT4,0.9239,0.000832,-6.741439,2.569274,-0.0,0.053282
2017,COGN3,VVAR11,0.9326,0.041787,1.404277,0.431519,-0.0,0.050266
2017,COGN3,WEGE3,0.9508,0.022424,0.046202,1.357936,0.0,0.043131
2017,CPFE3,TOTS3,0.8913,0.005615,1.842571,0.366808,-0.0,0.010472
2017,CSAN3,CYRE3,0.8216,0.008401,1.153726,0.468792,-0.0,0.031671
2017,CVCB3,PSSA3,0.9328,0.014273,0.763325,1.163745,-0.0,0.051323
2017,CVCB3,TOTS3,0.8504,0.032081,-1.330828,2.157097,-0.0,0.074906
2017,DXCO3,PETR3,0.8849,0.010572,0.285788,0.89308,-0.0,0.040762
2017,DXCO3,PETR4,0.8828,0.01544,0.54851,0.809831,-0.0,0.041098
2017,ECOR3,TOTS3,0.8216,0.047145,-1.161681,1.506105,-0.0,0.058656
2017,EGIE3,MYPK3,0.8938,0.036778,1.631075,0.323488,-0.0,0.023462
2017,EGIE3,TIMS3,0.8817,0.038725,1.342024,0.579488,-0.0,0.024682
2017,EGIE3,USIM5,0.9344,0.007163,2.23789,0.148115,-0.0,0.018631
2017,EGIE3,VALE3,0.8785,0.015373,1.087178,0.500662,-0.0,0.02499
2017,EGIE3,VALE5,0.8644,0.012071,0.618296,0.55116,-0.0,0.026302
2017,ENBR3,MGLU3,0.8781,0.047279,2.035238,0.111331,0.0,0.026085
2017,ENBR3,VALE3,0.8455,0.013491,0.935088,0.502176,0.0,0.029117
2017,ENBR3,VALE5,0.8179,0.027278,0.49596,0.54348,0.0,0.031377
2017,ENGI11,LREN3,0.8517,0.037054,1.656932,0.376736,-0.0,0.030416
2017,ENGI11,MGLU3,0.8983,0.001354,2.437724,0.121237,-0.0,0.02551
2017,ENGI11,MYPK3,0.8746,0.023424,1.839143,0.35123,-0.0,0.028141
2017,ENGI11,PARD3,0.8513,0.020186,1.876037,0.282947,-0.0,0.030454
2017,ENGI11,POMO4,0.88,0.012544,2.639664,0.243263,-0.0,0.027567
2017,ENGI11,RENT3,0.9064,0.000424,1.878152,0.34021,-0.0,0.024524
2017,ENGI11,SEER3,0.8086,0.042804,1.860124,0.290614,-0.0,0.03415
2017,ENGI11,VVAR11,0.8452,0.035997,2.303158,0.163032,-0.0,0.031023
2017,ENGI11,WEGE3,0.8287,0.049552,1.826333,0.493357,-0.0,0.032491
2017,EZTC3,ITUB4,0.9273,0.036072,-0.913997,1.278516,0.0,0.039385
2017,EZTC3,VIVT4,0.9114,0.003416,-4.74009,1.915415,-0.0,0.043308
2017,EZTC3,YDUQ3,0.8948,0.04942,1.237822,0.34316,-0.0,0.046992
2017,FIBR3,TOTS3,0.8593,0.008881,-3.425024,3.145701,-0.0,0.10511
2017,GOLL54,ITSA3,0.9361,0.035391,-5.272312,2.597641,-0.0,0.07912
2017,GOLL54,ITUB3,0.9512,0.007496,-8.491215,2.912569,0.0,0.069412
2017,GOLL54,ITUB4,0.9476,0.005971,-8.793666,2.793327,0.0,0.071907
2017,GOLL54,SMLS3,0.9408,0.030884,-8.357849,1.64596,-0.0,0.076248
2017,HGTX3,VIVT4,0.9568,0.001435,-10.49232,3.729618,-0.0,0.056753
2017,HGTX3,WEGE3,0.9621,0.001804,-0.555999,1.926041,0.0,0.053219
2017,HYPE3,ITSA3,0.8733,0.049037,2.014496,0.822547,0.0,0.037204
2017,HYPE3,ITUB3,0.9138,0.028038,0.934298,0.9497,0.0,0.031019
2017,HYPE3,LINX3,0.8959,0.027353,0.783793,0.788626,-0.0,0.03393
2017,HYPE3,SMLS3,0.9528,0.014047,0.865883,0.565769,0.0,0.023191
2017,HYPE3,VVAR11,0.9267,0.010392,2.420252,0.235185,0.0,0.028701
2017,HYPE3,YDUQ3,0.9153,0.015817,2.340249,0.254751,0.0,0.030768
2017,IGTA3,MULT3,0.9648,0.018179,-0.508721,1.391873,-0.0,0.022309
2017,IGTA3,MYPK3,0.9451,0.009554,2.089136,0.554387,-0.0,0.027705
2017,IGTA3,POMO4,0.9327,0.018283,3.355592,0.376589,-0.0,0.030586
2017,IGTA3,PSSA3,0.8922,0.046474,1.987175,0.66296,-0.0,0.038294
2017,IGTA3,VVAR11,0.9531,0.003389,2.791829,0.268542,-0.0,0.025662
2017,ITSA3,ITUB4,0.9837,0.025759,-1.282264,1.045082,0.0,0.014571
2017,ITSA3,VIVT4,0.8841,0.032152,-3.925221,1.431676,-0.0,0.037899
2017,ITSA3,VVAR11,0.9254,0.033327,0.59024,0.249349,-0.0,0.030739
2017,ITSA3,YDUQ3,0.9025,0.046322,0.514774,0.266705,0.0,0.034928
2017,ITSA4,ITUB4,0.9887,0.003728,-1.363294,1.083929,0.0,0.012566
2017,ITUB3,ITUB4,0.9872,0.038414,-0.083047,0.950481,0.0,0.011705
2017,ITUB3,YDUQ3,0.9297,0.013885,1.533567,0.248994,-0.0,0.027064
2017,ITUB4,SMLS3,0.8743,0.029607,0.426848,0.518889,-0.0,0.037045
2017,ITUB4,TIMS3,0.921,0.039199,0.725857,0.883098,-0.0,0.029743
2017,ITUB4,VVAR11,0.9261,0.015312,1.801506,0.234905,-0.0,0.02879
2017,ITUB4,YDUQ3,0.9009,0.041433,1.732185,0.250614,-0.0,0.033126
2017,KLBN11,TOTS3,0.8464,0.006169,-0.773858,1.390946,0.0,0.049121
2017,LREN3,PSSA3,0.9417,0.005654,0.385213,1.08296,0.0,0.044171
2017,LREN3,SEER3,0.9544,0.013672,0.527114,0.77546,0.0,0.039175
2017,LREN3,USIM5,0.9358,0.03995,2.313372,0.372072,0.0,0.046279
2017,LREN3,VVAR11,0.9579,0.006383,1.755126,0.417735,0.0,0.037671
2017,LREN3,WEGE3,0.9505,0.039909,0.505193,1.27941,0.0,0.04076
2017,MDIA3,MPLU3,0.8657,0.008525,0.638674,0.858492,-0.0,0.033727
2017,MGLU3,MULT3,0.8889,0.025618,-16.296062,6.504496,-0.0,0.197062
2017,MGLU3,POMO4,0.9602,0.036246,1.6814,1.966473,-0.0,0.120173
2017,MGLU3,RENT3,0.973,0.015606,-4.363204,2.706009,-0.0,0.09923
2017,MGLU3,VALE3,0.8093,0.009687,-7.914921,3.791497,-0.0,0.252636
2017,MULT3,MYPK3,0.8972,0.015302,1.952009,0.364769,0.0,0.025962
2017,MULT3,POMO4,0.878,0.014566,2.786109,0.245721,0.0,0.028136
2017,MULT3,RENT3,0.8991,0.012046,2.021788,0.341709,0.0,0.025723
2017,MULT3,SEER3,0.8211,0.046589,1.982947,0.298778,0.0,0.033547
2017,MULT3,USIM5,0.8644,0.041418,2.655589,0.153919,0.0,0.029554
2017,MULT3,VIVT4,0.8563,0.049856,-0.751173,1.005051,0.0,0.030356
2017,MULT3,VVAR11,0.8886,0.011754,2.422735,0.173533,0.0,0.026964
2017,MYPK3,PSSA3,0.9087,0.016388,-0.081522,1.15108,-0.0,0.060349
2017,MYPK3,USIM5,0.961,0.00589,1.930457,0.420864,-0.0,0.039993
2017,MYPK3,VVAR11,0.9506,0.019144,1.341132,0.456623,-0.0,0.044857
2017,PARD3,TOTS3,0.8878,0.006123,-3.05446,2.76265,-0.0,0.080378
2017,PCAR4,POMO4,0.8098,0.02947,4.070483,0.360105,0.0,0.054791
2017,PCAR4,WEGE3,0.895,0.005468,2.632669,0.857234,0.0,0.041648
2017,PSSA3,SAUD3,0.9702,0.011748,0.739892,0.749133,0.0,0.027672
2017,PSSA3,TOTS3,0.8363,0.029677,-1.461627,1.700347,-0.0,0.062561
2017,QUAL3,TOTS3,0.8657,0.048986,-4.821796,3.555414,-0.0,0.115393
2017,RENT3,VALE3,0.8287,0.032367,-1.298378,1.395965,-0.0,0.086565
2017,RENT3,VALE5,0.8003,0.035609,-2.510854,1.508315,-0.0,0.092737
2017,SAUD3,SUZB5,0.9512,0.009701,-0.217555,0.832402,0.0,0.045606
2017,SEER3,USIM5,0.8575,0.016024,2.392246,0.419657,-0.0,0.08309
2017,SEER3,VIVT4,0.894,0.027525,-7.414744,2.883662,-0.0,0.07238
2017,SEER3,VVAR11,0.8864,0.005105,1.750423,0.475755,-0.0,0.074769
2017,SEER3,WEGE3,0.9161,0.023839,0.215406,1.517616,0.0,0.064757
2017,SMLS3,VIVT4,0.9154,0.037612,-4.652381,2.35135,-0.0,0.051767
2017,TIMS3,VVAR11,0.9396,0.030309,1.26431,0.248546,-0.0,0.027239
2017,TOTS3,WEGE3,0.8243,0.01262,1.330661,0.474496,0.0,0.03178
2017,USIM5,VVAR11,0.9679,0.013361,-1.338162,1.061533,-0.0,0.082979
2017,VALE3,VALE5,0.995,0.031011,-0.977918,1.113273,-0.0,0.009136
2017,VIVT4,VVAR11,0.9317,0.004276,3.204711,0.155023,0.0,0.018192
2017,VIVT4,WEGE3,0.9303,0.015763,2.735401,0.477755,0.0,0.018371
2017,VIVT4,YDUQ3,0.9536,0.014501,3.13514,0.174018,0.0,0.015079
2018,ABEV3,MRVE3,0.8786,0.025662,-0.35239,1.336381,-0.0,0.056802
2018,AMER3,RAIL3,0.8311,0.022664,3.508583,1.67517,-0.0,0.087324
2018,AXIA3,AXIA6,0.9925,0.002658,-0.037255,1.007557,-0.0,0.023527
2018,AXIA3,B3SA3,0.8961,0.008132,-1.145652,1.992809,0.0,0.085285
2018,AXIA3,BBAS3,0.9633,3.7e-05,-0.379861,1.199217,-0.0,0.051547
2018,AXIA3,BBDC4,0.9315,0.007961,-2.011281,1.746429,-0.0,0.069887
2018,AXIA3,DXCO3,0.8858,0.002358,-0.418749,1.611785,-0.0,0.089156
2018,AXIA3,ITSA4,0.8712,0.022421,-0.261554,1.719744,-0.0,0.094329
2018,AXIA3,ITUB4,0.9202,0.000575,-2.971788,2.01625,-0.0,0.075197
2018,AXIA3,LREN3,0.8557,0.009971,-2.895216,1.772318,0.0,0.099419
2018,AXIA6,B3SA3,0.8982,0.005684,-1.081942,1.967602,0.0,0.083197
2018,AXIA6,BBAS3,0.9568,0.000344,-0.300976,1.173237,-0.0,0.055033
2018,AXIA6,BBDC4,0.9328,0.008569,-1.932425,1.722668,-0.0,0.068213
2018,AXIA6,DXCO3,0.8729,0.007618,-0.317378,1.564392,-0.0,0.092361
2018,AXIA6,ITSA4,0.8754,0.019447,-0.215482,1.702196,0.0,0.091488
2018,AXIA6,ITUB4,0.9273,0.000293,-2.913215,2.001388,-0.0,0.07083
2018,AZUL54,CVCB3,0.9322,0.027232,-2.263693,1.360686,-0.0,0.065723
2018,AZUL54,EQTL3,0.9251,0.024489,-2.00776,2.073428,-0.0,0.068953
2018,AZUL54,ITSA4,0.8919,0.047321,0.349126,1.663261,-0.0,0.082107
2018,AZUL54,RAPT4,0.907,0.031525,0.794274,1.211622,-0.0,0.076447
2018,AZZA3,BBSE3,0.8551,0.007283,-0.078607,1.436515,-0.0,0.060734
2018,AZZA3,COGN3,0.9139,0.019274,2.184316,0.613899,-0.0,0.047558
2018,AZZA3,FIBR3,-0.8675,0.026515,7.003068,-0.81856,0.0,0.058258
2018,AZZA3,IGTA3,0.9017,0.021879,0.138734,0.987972,-0.0,0.050656
2018,AZZA3,MOTV3,0.9046,0.014796,2.229418,0.636371,-0.0,0.049926
2018,AZZA3,SUZB3,-0.9,0.018111,4.758634,-0.334939,-0.0,0.051068
2018,B3SA3,BBAS3,0.9434,0.001691,0.553752,0.528073,-0.0,0.028661
2018,B3SA3,BBDC4,0.9393,0.004362,-0.222035,0.791874,-0.0,0.029646
2018,B3SA3,DXCO3,0.8944,0.016178,0.498434,0.731759,-0.0,0.038648
2018,B3SA3,ITUB4,0.9427,0.002866,-0.696254,0.928804,-0.0,0.028818
2018,B3SA3,LREN3,0.8461,0.034464,-0.576316,0.787978,0.0,0.046055
2018,BBAS3,DXCO3,0.9234,0.041339,-0.04228,1.349709,0.0,0.059237
2018,BBAS3,ITUB4,0.9494,0.022352,-2.133948,1.670978,-0.0,0.048483
2018,BBDC3,BBSE3,0.8971,0.031285,-1.670728,1.59034,-0.0,0.054599
2018,BBDC3,CYRE3,0.9552,0.001796,0.503755,0.997781,-0.0,0.036591
2018,BBDC3,EQTL3,0.9239,0.011775,-0.928775,1.40993,0.0,0.047298
2018,BBDC3,MULT3,0.9051,0.01226,-0.804845,1.149315,0.0,0.05256
2018,BBDC3,RAPT4,0.9436,0.012269,0.916845,0.858261,0.0,0.040911
2018,BBDC4,MULT3,0.8989,0.027355,-0.13403,0.946464,0.0,0.044915
2018,BBSE3,BRML3,0.8774,0.031437,1.210687,0.587874,0.0,0.033455
2018,BBSE3,CYRE3,0.8963,0.011648,1.556886,0.528156,0.0,0.030923
2018,BBSE3,IGTA3,0.8907,0.014301,0.526254,0.580951,0.0,0.031693
2018,BBSE3,MULT3,0.8906,0.01464,0.781455,0.637953,0.0,0.031714
2018,BBSE3,USIM5,0.8749,0.039361,1.740953,0.409174,0.0,0.033762
2018,BPAC11,ITUB4,0.8484,0.049563,-0.423561,0.700799,-0.0,0.038344
2018,BRFS3,COGN3,0.8922,0.040975,0.744841,0.991605,-0.0,0.087549
2018,BRFS3,FIBR3,-0.9086,0.001862,8.927865,-1.418482,0.0,0.080941
2018,BRFS3,SAUD3,0.8329,0.046694,-1.153863,1.939638,0.0,0.107263
2018,BRML3,CYRE3,0.8996,0.047834,0.793746,0.791179,0.0,0.04544
2018,BRML3,IGTA3,0.9665,0.008348,-0.997766,0.9408,0.0,0.026708
2018,BRML3,LREN3,0.9267,0.008681,-0.787314,1.03938,0.0,0.03911
2018,BRML3,MULT3,0.9652,0.012789,-0.580984,1.031857,0.0,0.027228
2018,CIEL3,CSAN3,0.8754,0.042782,-2.685847,2.468649,-0.0,0.121473
2018,CIEL3,IRBR3,-0.9568,0.022408,8.901392,-1.061442,-0.0,0.073102
2018,CIEL3,MGLU3,-0.9235,0.025689,5.991245,-1.018598,-0.0,0.096401
2018,CIEL3,SMLS3,0.9002,0.048094,-1.123553,0.971441,-0.0,0.109409
2018,CMIG4,TAEE11,0.8775,0.038442,-4.274029,2.200902,0.0,0.077734
2018,COGN3,FIBR3,-0.8901,0.045167,7.50429,-1.250188,0.0,0.079477
2018,COGN3,MDIA3,0.8384,0.030083,-1.63016,1.096432,-0.0,0.095037
2018,COGN3,SAUD3,0.8824,0.008937,-1.682629,1.84877,-0.0,0.082055
2018,COGN3,SBSP3,0.876,0.042705,0.85007,0.96167,0.0,0.084097
2018,CSAN3,IRBR3,-0.8516,0.0056,4.118363,-0.335043,0.0,0.046707
2018,CSAN3,MRVE3,0.8358,0.006805,-0.040454,0.952516,-0.0,0.048932
2018,CSAN3,QUAL3,0.8778,0.003962,1.26448,0.306317,-0.0,0.042679
2018,CSAN3,SMLS3,0.8537,0.012023,0.879871,0.326688,0.0,0.0464
2018,CVCB3,EQTL3,0.9118,0.014896,0.480996,1.40011,0.0,0.051063
2018,CVCB3,GOLL54,0.9522,0.021894,4.562002,0.471765,0.0,0.037989
2018,CVCB3,RENT3,0.8713,0.043781,0.229975,1.210533,-0.0,0.061032
2018,CYRE3,IGTA3,0.9266,0.006013,-1.690436,1.025632,0.0,0.04448
2018,CYRE3,MULT3,0.9155,0.011858,-1.202574,1.112922,0.0,0.047599
2018,CYRE3,RAPT4,0.9229,0.009971,0.512492,0.803551,0.0,0.045561
2018,ENAT3,MDIA3,-0.8964,0.01586,6.839539,-1.318282,0.0,0.086918
2018,EQTL3,GOLL54,0.9307,0.014654,2.855292,0.300303,-0.0,0.029621
2018,EQTL3,RAPT4,0.8956,0.034387,1.439366,0.533786,-0.0,0.036023
2018,FIBR3,MOTV3,-0.9214,0.004282,5.635884,-0.686951,0.0,0.04825
2018,FIBR3,SAUD3,-0.8037,0.032965,6.74297,-1.198978,0.0,0.073863
2018,FIBR3,UGPA3,-0.8519,0.04662,5.407105,-0.417977,0.0,0.065008
2018,GGBR4,GOAU4,0.9274,0.027942,1.211974,0.776885,0.0,0.025894
2018,HGTX3,LREN3,0.9079,0.014341,-2.347704,1.748903,0.0,0.074924
2018,HYPE3,SBSP3,0.9239,0.041158,2.141357,0.642622,-0.0,0.042286
2018,IGTA3,MULT3,0.9794,0.002222,0.501899,1.075731,0.0,0.021564
2018,IRBR3,SMLS3,-0.9025,0.041969,9.306577,-0.877859,0.0,0.097537
2018,ITSA4,RAPT4,0.9227,0.00078,0.385057,0.660957,-0.0,0.037518
2018,MGLU3,SMLS3,-0.8837,0.008363,6.655501,-0.864597,-0.0,0.106618
2018,MOTV3,SAUD3,0.8691,0.025797,-1.597704,1.738943,0.0,0.082356
2018,MOTV3,VIVT4,0.8004,0.030988,-3.633492,1.599403,0.0,0.09982
2018,MRVE3,VVAR11,0.8206,0.049034,1.463826,0.252403,0.0,0.044685
2018,PCAR4,VALE3,0.8028,0.029971,2.66532,0.505848,-0.0,0.047127
2018,PETR3,SANB11,0.8328,0.005292,-1.896007,1.231215,-0.0,0.081807
2018,PETR4,SANB11,0.8738,0.002839,-2.494863,1.348241,0.0,0.075014
2018,QUAL3,SMLS3,0.9056,0.021493,-0.984337,0.993126,-0.0,0.1083
2018,SBSP3,USIM5,0.9105,0.016402,-0.429201,0.970005,-0.0,0.065689
2018,SLCE3,UGPA3,-0.963,0.002063,4.828827,-1.022336,-0.0,0.07235
2018,UGPA3,VALE3,-0.9059,0.029396,8.979938,-1.827179,-0.0,0.107166
2019,ALPA4,BBSE3,0.9607,0.005388,-3.309274,2.174969,-0.0,0.071104
2019,ALPA4,CSAN3,0.9458,0.04922,-0.928791,1.58557,0.0,0.083146
2019,ALPA4,EQTL3,0.9702,0.004491,-3.438038,2.296755,-0.0,0.062029
2019,ALPA4,LREN3,0.9594,0.019839,-4.121947,2.040641,-0.0,0.072207
2019,ALPA4,MGLU3,0.973,0.014089,-0.68823,0.839431,0.0,0.059092
2019,ALPA4,OIBR3,-0.8207,0.045276,7.086103,-0.877372,0.0,0.14628
2019,ALPA4,QUAL3,0.9886,0.012698,0.884805,0.681551,0.0,0.038555
2019,ALPA4,SULA11,0.9754,0.035395,-1.100483,1.119984,0.0,0.056481
2019,ALPA4,TAEE11,0.9464,0.027384,-5.264981,3.083061,0.0,0.082685
2019,ALPA4,VBBR3,0.8978,0.034554,-3.563232,2.313468,-0.0,0.112765
2019,ALPA4,VIVT4,0.9525,0.045596,-7.872811,2.789333,-0.0,0.077948
2019,AZUL54,CPFE3,0.8348,0.024231,-3.860208,2.546442,0.0,0.092144
2019,AZUL54,CYRE3,0.9546,0.014377,1.631001,0.698518,0.0,0.049844
2019,AZUL54,ENGI11,0.9072,0.032104,-2.239995,1.634818,-0.0,0.070412
2019,AZUL54,EQTL3,0.9303,0.039829,-0.583053,1.439671,-0.0,0.061367
2019,AZUL54,IGTA3,0.9279,0.0483,-2.613814,1.586542,0.0,0.06238
2019,AZUL54,LCAM3,0.9281,0.049299,0.841502,0.954001,-0.0,0.062317
2019,AZUL54,RAIL3,0.9383,0.034479,-0.452228,1.275284,-0.0,0.057869
2019,AZUL54,SBSP3,0.9058,0.028495,1.169454,1.065654,-0.0,0.070923
2019,AZUL54,VBBR3,0.898,0.032736,-0.83436,1.512624,0.0,0.073643
2019,AZUL54,VIVT4,0.938,0.006223,-3.543919,1.795582,-0.0,0.058002
2019,B3SA3,BRKM5,-0.9104,0.018874,4.608159,-0.677382,0.0,0.073666
2019,B3SA3,LREN3,0.9597,0.049761,-2.561081,1.419208,-0.0,0.050039
2019,B3SA3,MDIA3,-0.8638,0.026877,7.236219,-1.424588,-0.0,0.08968
2019,B3SA3,MGLU3,0.9564,0.02049,-0.130595,0.573695,0.0,0.051972
2019,BBAS3,BBDC4,0.8763,0.006108,-0.041049,0.964876,-0.0,0.025188
2019,BBSE3,CPFE3,0.807,0.044639,-1.884331,1.663444,0.0,0.066773
2019,BBSE3,CYRE3,0.9523,0.007583,1.66694,0.470858,0.0,0.034493
2019,BBSE3,ENGI11,0.9151,0.04555,-0.984414,1.114279,0.0,0.045595
2019,BBSE3,EQTL3,0.9741,1e-06,0.043079,1.018555,0.0,0.025555
2019,BBSE3,GNDI3,0.9428,0.028336,1.19694,0.436086,0.0,0.037705
2019,BBSE3,HAPV3,0.9487,0.005396,0.76085,0.429957,0.0,0.03577
2019,BBSE3,LREN3,0.9684,0.000121,-0.27656,0.909767,0.0,0.028209
2019,BBSE3,MGLU3,0.9405,0.018704,1.320926,0.358366,0.0,0.038439
2019,BBSE3,MULT3,0.9226,0.04255,-0.487475,1.085902,-0.0,0.04361
2019,BBSE3,QUAL3,0.9514,0.042302,1.996115,0.289695,0.0,0.034839
2019,BBSE3,SBSP3,0.9127,0.009866,1.341082,0.725539,-0.0,0.046217
2019,BBSE3,SULA11,0.954,0.015818,1.124885,0.48384,0.0,0.03391
2019,BBSE3,TAEE11,0.9645,0.000456,-0.820884,1.38772,0.0,0.02988
2019,BBSE3,TEND3,0.9471,0.022467,1.103268,0.580418,0.0,0.036289
2019,BBSE3,VBBR3,0.9178,0.029625,-0.064005,1.044606,0.0,0.044902
2019,BBSE3,VIVT4,0.9594,0.002183,-1.938484,1.240869,-0.0,0.031907
2019,BHIA3,CPFE3,0.881,0.002609,-8.10017,4.633987,0.0,0.136547
2019,BHIA3,EQTL3,0.9502,0.008439,-1.905753,2.535458,0.0,0.089949
2019,BHIA3,RAIL3,0.9445,0.030417,-1.578758,2.213552,-0.0,0.094802
2019,BHIA3,VBBR3,0.9085,0.022444,-2.278816,2.638806,-0.0,0.120609
2019,BIDI4,BRFS3,0.9495,0.043629,-4.378803,1.749889,0.0,0.118899
2019,BIDI4,BRKM5,-0.9095,0.036049,6.317672,-1.440563,-0.0,0.157541
2019,BIDI4,JBSS3,0.9556,0.030162,-1.964842,1.237768,-0.0,0.111705
2019,BPAC11,CESP6,0.9554,0.020221,-5.743466,2.599483,0.0,0.091034
2019,BPAC11,LCAM3,0.9423,0.032689,-2.370358,1.783595,0.0,0.103206
2019,BPAC11,RENT3,0.94,0.049935,-4.392462,1.973938,0.0,0.105161
2019,BPAC11,SBSP3,0.9372,0.019485,-1.835462,2.030578,0.0,0.107455
2019,BRFS3,BRKM5,-0.9146,0.006133,5.984762,-0.786045,-0.0,0.083146
2019,BRFS3,JBSS3,0.969,0.018926,1.45015,0.681061,-0.0,0.050799
2019,BRKM5,LREN3,-0.9113,0.047688,9.615632,-1.81123,-0.0,0.098482
2019,BRKM5,NATU3,-0.8997,0.017403,7.689802,-1.290875,-0.0,0.104418
2019,BRKM5,VBBR3,-0.8765,0.039736,9.277418,-2.110389,-0.0,0.115178
2019,BRML3,EQTL3,0.9311,0.042021,-0.165941,1.010751,-0.0,0.042825
2019,BRML3,ITSA4,0.9026,0.014113,-0.271386,1.605293,0.0,0.050535
2019,CMIG4,CRFB3,0.8039,0.000766,-0.322389,0.540001,-0.0,0.028274
2019,CPFE3,CYRE3,0.8509,0.007722,2.329188,0.204111,-0.0,0.028821
2019,CPFE3,ECOR3,0.8007,0.011452,2.262621,0.242258,-0.0,0.032866
2019,CPFE3,ENGI11,0.8524,0.01916,1.109684,0.503549,-0.0,0.02869
2019,CPFE3,EQTL3,0.8438,0.005656,1.66203,0.428074,-0.0,0.02944
2019,CPFE3,EZTC3,0.8393,0.005503,2.383817,0.154835,-0.0,0.029832
2019,CPFE3,HAPV3,0.8268,0.009573,1.958401,0.181802,-0.0,0.030863
2019,CPFE3,HGTX3,0.8467,0.004544,0.569575,0.666291,-0.0,0.029191
2019,CPFE3,IGTA3,0.8327,0.006375,1.077137,0.466707,-0.0,0.030382
2019,CPFE3,LCAM3,0.8499,0.005203,2.078386,0.286411,-0.0,0.028906
2019,CPFE3,LREN3,0.8282,0.014865,1.544327,0.377475,-0.0,0.030751
2019,CPFE3,MGLU3,0.8164,0.016622,2.197714,0.150937,-0.0,0.031681
2019,CPFE3,MOTV3,0.8332,0.005012,2.086118,0.299741,-0.0,0.030339
2019,CPFE3,NATU3,0.8009,0.023983,1.96379,0.26353,-0.0,0.032853
2019,CPFE3,RAIL3,0.8584,0.003164,1.69125,0.382441,-0.0,0.028148
2019,CPFE3,SULA11,0.846,0.007326,2.099725,0.208171,-0.0,0.029253
2019,CPFE3,TAEE11,0.8191,0.01213,1.328963,0.571795,-0.0,0.031474
2019,CPFE3,TEND3,0.8157,0.037944,2.11177,0.242531,-0.0,0.031737
2019,CPFE3,VBBR3,0.8214,0.002713,1.576764,0.453577,-0.0,0.031293
2019,CPFE3,YDUQ3,0.8062,0.047552,1.956323,0.265109,-0.0,0.032464
2019,CPLE6,LREN3,0.9382,0.038002,-4.528437,1.619315,-0.0,0.07191
2019,CPLE6,NATU3,0.9188,0.034672,-2.776261,1.144861,0.0,0.082
2019,CSAN3,ENEV3,0.9729,0.000135,1.327722,0.57888,-0.0,0.035336
2019,CSAN3,FLRY3,0.9185,0.029672,-0.760354,1.142521,-0.0,0.060399
2019,CSAN3,MGLU3,0.9203,0.021435,0.386199,0.473578,-0.0,0.059762
2019,CSAN3,SAPR11,0.9124,0.027469,-1.520865,1.336609,-0.0,0.062493
2019,CSAN3,TAEE11,0.9248,0.047596,-2.347338,1.797007,-0.0,0.058111
2019,CSAN3,WEGE3,0.9498,0.002703,0.591531,0.788069,-0.0,0.047788
2019,CSMG3,SBSP3,0.8057,0.044547,1.718249,0.345369,0.0,0.036123
2019,CYRE3,EQTL3,0.9651,0.008283,-3.11515,2.041089,0.0,0.059863
2019,CYRE3,LREN3,0.9612,0.027139,-3.767302,1.826497,-0.0,0.063059
2019,CYRE3,SAPR11,0.9,0.026687,-3.293992,1.97456,-0.0,0.099676
2019,CYRE3,SBSP3,0.9304,0.017258,-0.60019,1.495997,-0.0,0.083826
2019,CYRE3,SULA11,0.9707,0.014703,-1.039193,0.995707,0.0,0.055002
2019,CYRE3,VBBR3,0.9238,0.026932,-3.422212,2.126722,-0.0,0.08755
2019,CYRE3,VIVT4,0.9609,0.022158,-7.190343,2.513758,0.0,0.063331
2019,ECOR3,ITSA4,0.9041,0.002406,-2.086724,2.483446,0.0,0.077507
2019,ENBR3,LCAM3,0.8375,0.008972,1.573333,0.416004,0.0,0.044184
2019,ENBR3,MRVE3,0.8411,0.004419,1.532178,0.424858,0.0,0.04374
2019,ENBR3,NATU3,0.8051,0.003457,1.381571,0.390458,0.0,0.04797
2019,ENBR3,RENT3,0.8727,0.031522,1.032084,0.480872,0.0,0.039488
2019,ENBR3,SBSP3,0.8045,0.001644,1.731338,0.457362,0.0,0.048031
2019,ENBR3,TEND3,0.8146,0.010487,1.607823,0.356986,0.0,0.046908
2019,ENGI11,LCAM3,0.9539,0.001917,1.98866,0.544099,-0.0,0.02788
2019,ENGI11,LREN3,0.9438,0.00099,0.936196,0.72821,-0.0,0.030686
2019,ENGI11,MRVE3,0.9319,0.003499,1.975153,0.540588,0.0,0.033684
2019,ENGI11,NATU3,0.9267,0.007516,1.719755,0.516184,0.0,0.034891
2019,ENGI11,RENT3,0.9613,0.000363,1.350771,0.60835,0.0,0.025573
2019,ENGI11,TAEE11,0.9292,0.029674,0.534087,1.098,0.0,0.034325
2019,ENGI11,TEND3,0.96,0.010252,1.98558,0.483148,-0.0,0.026012
2019,ENGI11,VBBR3,0.8624,0.02713,1.189393,0.806115,-0.0,0.047014
2019,ENGI11,VIVT4,0.9236,0.037997,-0.347383,0.981077,-0.0,0.035603
2019,EQTL3,EZTC3,0.9639,0.002572,1.718399,0.35054,0.0,0.028807
2019,EQTL3,HAPV3,0.9561,0.003512,0.741535,0.414453,0.0,0.031676
2019,EQTL3,IGTA3,0.9166,0.009362,-1.074741,1.012677,0.0,0.043251
2019,EQTL3,ITSA4,0.874,0.029607,0.17488,1.431874,0.0,0.052557
2019,EQTL3,LCAM3,0.9416,0.02412,1.087342,0.625443,0.0,0.036431
2019,EQTL3,LREN3,0.9614,0.005354,-0.213679,0.863828,-0.0,0.029751
2019,EQTL3,MGLU3,0.9496,0.007712,1.278806,0.346065,0.0,0.033905
2019,EQTL3,MULT3,0.9347,0.001868,-0.478243,1.052143,-0.0,0.038432
2019,EQTL3,RAIL3,0.9562,0.01171,0.228128,0.839781,-0.0,0.031674
2019,EQTL3,SULA11,0.961,0.004111,1.093318,0.466145,0.0,0.029907
2019,EQTL3,TAEE11,0.9671,0.016099,-0.765054,1.33079,0.0,0.027525
2019,EQTL3,VBBR3,0.9168,0.00604,-0.028741,0.997962,-0.0,0.043192
2019,EQTL3,VIVT4,0.9602,0.001948,-1.828356,1.187762,-0.0,0.030212
2019,EZTC3,MGLU3,0.984,0.044202,-1.248911,0.986012,0.0,0.05305
2019,EZTC3,OIBR3,-0.8276,0.037614,7.868843,-1.027662,0.0,0.166925
2019,EZTC3,RAIL3,0.9528,0.032073,-3.96918,2.301034,-0.0,0.090284
2019,EZTC3,SAPR11,0.898,0.011565,-4.574278,2.561502,0.0,0.130846
2019,EZTC3,SULA11,0.9747,0.023397,-1.678528,1.300016,0.0,0.06647
2019,EZTC3,VBBR3,0.9148,0.045759,-4.683055,2.738088,-0.0,0.120121
2019,FLRY3,WEGE3,0.9542,0.026347,1.303896,0.636445,0.0,0.036745
2019,FLRY3,YDUQ3,0.9282,0.001934,0.48907,0.683074,0.0,0.045672
2019,GGBR4,GOAU4,0.9873,0.032162,0.833661,1.104541,0.0,0.015777
2019,GNDI3,HAPV3,0.9795,0.012525,-0.874425,0.959795,0.0,0.049192
2019,GNDI3,MGLU3,0.9633,0.01504,0.40288,0.793542,0.0,0.065656
2019,GNDI3,OIBR3,-0.8374,0.012083,7.875493,-0.854862,-0.0,0.133617
2019,GNDI3,QUAL3,0.9829,0.001337,1.882101,0.647023,-0.0,0.045079
2019,GNDI3,VBBR3,0.8968,0.033577,-2.369218,2.206613,-0.0,0.10818
2019,HAPV3,LREN3,0.9438,0.039081,-1.868844,1.956425,-0.0,0.082435
2019,HAPV3,MGLU3,0.9651,0.046222,1.39524,0.811438,0.0,0.065317
2019,HAPV3,OIBR3,-0.8627,0.043798,9.155859,-0.898809,-0.0,0.126169
2019,HAPV3,QUAL3,0.9718,0.035545,2.932764,0.652906,-0.0,0.058845
2019,HAPV3,VBBR3,0.9314,0.00838,-1.667756,2.338935,-0.0,0.090834
2019,HAPV3,VIVT4,0.9326,0.03822,-5.415763,2.661417,-0.0,0.090056
2019,HYPE3,OIBR3,-0.8249,0.006672,4.847339,-0.351079,-0.0,0.057614
2019,IGTA3,RAIL3,0.9149,0.045861,1.590726,0.72725,-0.0,0.039521
2019,IRBR3,MBRF3,0.8931,0.02909,6.249018,0.368166,0.0,0.047219
2019,IRBR3,MDIA3,-0.8709,0.012718,9.723247,-0.847083,0.0,0.051596
2019,IRBR3,TOTS3,0.9028,0.016036,5.70686,0.403006,0.0,0.045152
2019,ISAE4,SUZB3,-0.8026,0.00794,4.521533,-0.573468,-0.0,0.065735
2019,ITSA4,MGLU3,0.8354,0.046773,1.005529,0.185826,-0.0,0.036285
2019,ITSA4,MOTV3,0.8773,0.007843,0.841465,0.379752,-0.0,0.03168
2019,ITSA4,MULT3,0.8976,0.00439,-0.095861,0.616723,-0.0,0.029093
2019,ITSA4,RAIL3,0.8802,0.010929,0.379021,0.47184,-0.0,0.031335
2019,ITSA4,SAPR11,0.8044,0.028119,0.301282,0.509351,-0.0,0.039215
2019,ITSA4,WEGE3,0.8743,0.025533,1.076302,0.313558,0.0,0.032046
2019,ITSA4,YDUQ3,0.866,0.024898,0.654684,0.342643,-0.0,0.033015
2019,JBSS3,MDIA3,-0.9169,0.00433,11.336586,-2.484918,-0.0,0.116769
2019,LCAM3,LREN3,0.9743,0.000442,-1.864335,1.317853,-0.0,0.036673
2019,LCAM3,SBSP3,0.9408,0.009578,0.426048,1.076825,0.0,0.05518
2019,LCAM3,TAEE11,0.9577,0.001875,-2.583825,1.983941,0.0,0.046865
2019,LCAM3,TEND3,0.9745,0.003109,0.077831,0.859843,-0.0,0.036526
2019,LCAM3,VBBR3,0.9139,0.005439,-1.513402,1.49762,-0.0,0.066092
2019,LCAM3,VIVT4,0.9496,0.019437,-4.159939,1.768357,-0.0,0.05104
2019,LREN3,MRVE3,0.9221,0.041015,1.557906,0.693249,0.0,0.04659
2019,LREN3,NATU3,0.9425,0.016719,1.169628,0.680405,0.0,0.040226
2019,LREN3,QUAL3,0.955,0.010352,2.5235,0.309552,0.0,0.035689
2019,LREN3,SAPR11,0.8706,0.037228,0.480481,1.005119,-0.0,0.05923
2019,LREN3,SBSP3,0.9427,0.000147,1.777593,0.79774,-0.0,0.040145
2019,LREN3,SULA11,0.9544,0.006321,1.598673,0.515264,0.0,0.035918
2019,LREN3,TAEE11,0.9648,6e-05,-0.473112,1.477713,0.0,0.031639
2019,LREN3,TEND3,0.9673,0.000266,1.537487,0.630975,-0.0,0.030538
2019,LREN3,VBBR3,0.9215,0.024701,0.321506,1.116449,-0.0,0.04674
2019,LREN3,VIVT4,0.965,0.001421,-1.691037,1.328592,-0.0,0.031561
2019,MBRF3,OIBR3,-0.8219,0.015135,5.662583,-0.87402,-0.0,0.145093
2019,MDIA3,NATU3,-0.8472,0.028159,5.286088,-0.548461,-0.0,0.057337
2019,MGLU3,OIBR3,-0.815,0.011874,9.090613,-1.009931,-0.0,0.171954
2019,MGLU3,QUAL3,0.9696,0.009607,1.980107,0.774843,-0.0,0.072578
2019,MGLU3,RADL3,0.9764,0.002666,0.686934,1.336273,-0.0,0.064047
2019,MGLU3,SAPR11,0.8739,0.015841,-3.051457,2.487676,-0.0,0.144237
2019,MGLU3,SBSP3,0.9058,0.014575,0.332421,1.889612,-0.0,0.125764
2019,MGLU3,SULA11,0.9644,0.000186,-0.313393,1.283662,0.0,0.078428
2019,MGLU3,TAEE11,0.9365,0.038458,-5.093556,3.536313,-0.0,0.10404
2019,MGLU3,VBBR3,0.9156,0.042747,-3.365937,2.734666,-0.0,0.119358
2019,MOTV3,OIBR3,-0.8442,0.005054,5.090422,-0.537559,0.0,0.081758
2019,MOTV3,VBBR3,0.9113,0.006105,-1.382653,1.398759,-0.0,0.062806
2019,MRVE3,RENT3,0.9307,0.038889,-0.780709,1.015273,0.0,0.058568
2019,MRVE3,SBSP3,0.9164,0.019713,0.561137,1.031366,-0.0,0.064085
2019,MRVE3,VIVT4,0.8776,0.044423,-3.498103,1.606934,-0.0,0.076763
2019,NATU3,TEND3,0.9316,0.038007,0.794451,0.841827,-0.0,0.060589
2019,NATU3,VBBR3,0.8773,0.033837,-0.780276,1.472326,-0.0,0.080017
2019,OIBR3,QUAL3,-0.824,0.011591,6.365181,-0.531378,-0.0,0.135694
2019,OIBR3,SULA11,-0.8079,0.016297,7.894055,-0.867809,-0.0,0.141123
2019,QUAL3,VBBR3,0.893,0.043802,-6.370199,3.337972,-0.0,0.16711
2019,RAIL3,SAPR11,0.8719,0.046414,-0.019849,1.029781,0.0,0.060307
2019,RAIL3,VBBR3,0.8787,0.021414,-0.031036,1.089009,0.0,0.058789
2019,RAIL3,VIVT4,0.932,0.036495,-2.058382,1.312676,-0.0,0.044627
2019,RENT3,SBSP3,0.9221,0.033021,1.453731,0.951308,-0.0,0.056794
2019,RENT3,TEND3,0.9621,0.008094,1.129517,0.765207,-0.0,0.040003
2019,RENT3,VBBR3,0.8747,0.043464,-0.173685,1.291978,-0.0,0.071138
2019,SAPR11,SULA11,0.8963,0.015759,1.44132,0.419099,0.0,0.04623
2019,SAPR11,TAEE11,0.8982,0.005922,-0.216256,1.191441,0.0,0.045836
2019,SAPR11,TOTS3,0.9049,0.042057,1.851156,0.401134,-0.0,0.044374
2019,SAPR11,VIVT4,0.8786,0.008202,-1.107742,1.047639,-0.0,0.049794
2019,SAPR11,WEGE3,0.8871,0.001566,1.777597,0.502463,0.0,0.048126
2019,SAPR11,YDUQ3,0.8635,0.023277,1.133307,0.539578,-0.0,0.052588
2019,SBSP3,TAEE11,0.9401,0.004872,-2.425155,1.701602,0.0,0.04848
2019,SBSP3,TEND3,0.9342,0.002366,-0.09093,0.720172,-0.0,0.050744
2019,SBSP3,VBBR3,0.8818,0.000878,-1.446065,1.262439,-0.0,0.0671
2019,SBSP3,VIVT4,0.9175,0.002964,-3.685312,1.492826,-0.0,0.05657
2019,SBSP3,WEGE3,0.8759,0.044399,0.514477,0.67694,0.0,0.068635
2019,SULA11,TAEE11,0.9499,0.009202,-3.566212,2.694874,-0.0,0.069681
2019,SULA11,VBBR3,0.9048,0.014744,-2.101768,2.030509,-0.0,0.094942
2019,SULA11,VIVT4,0.9604,0.00319,-5.888625,2.449312,-0.0,0.0621
2019,SUZB3,UGPA3,0.8527,0.023007,0.906834,0.907581,0.0,0.080565
2019,TAEE11,VBBR3,0.9098,0.007084,0.636886,0.719683,-0.0,0.032618
2019,TAEE11,VIVT4,0.9638,0.000547,-0.698524,0.866355,-0.0,0.020963
2019,TEND3,VBBR3,0.918,0.007248,-1.749048,1.705023,-0.0,0.073164
2019,TEND3,VIVT4,0.948,0.020257,-4.714324,2.000811,-0.0,0.058732
2019,TOTS3,VIVT4,0.9218,0.026809,-6.869742,2.479748,-0.0,0.091144
2019,VBBR3,VIVT4,0.9067,0.013802,-1.189644,1.03036,-0.0,0.041907
2019,WEGE3,YDUQ3,0.9564,0.011096,-1.220589,1.055184,-0.0,0.053734
2020,ABEV3,BBDC3,0.8945,0.001768,0.677286,0.671562,-0.0,0.044365
2020,ABEV3,BBSE3,0.8326,0.009359,-0.328932,0.936256,-0.0,0.054947
2020,ABEV3,CMIG4,0.8709,0.028408,1.661243,0.587752,-0.0,0.048768
2020,ABEV3,CYRE3,0.8223,0.016583,1.491074,0.306609,-0.0,0.056456
2020,ABEV3,EZTC3,0.8389,0.006029,0.703778,0.501616,-0.0,0.053998
2020,ABEV3,GOLL54,0.8574,0.026043,2.657877,0.250725,-0.0,0.051053
2020,ABEV3,ITSA4,0.8968,0.004649,0.969257,0.825461,-0.0,0.043897
2020,ABEV3,ITUB4,0.9172,0.000288,0.207132,0.804076,-0.0,0.039532
2020,ABEV3,LIGT3,0.8495,0.025931,1.442199,0.310452,-0.0,0.05234
2020,ALOS3,BRML3,0.9822,0.002703,0.750183,1.015735,-0.0,0.037774
2020,ALOS3,CIEL3,0.8866,0.004561,1.943309,0.905608,-0.0,0.093059
2020,ALOS3,EMBJ3,0.9179,0.031595,1.772322,0.632323,-0.0,0.079854
2020,ALOS3,IRBR3,0.9075,0.001976,0.702763,0.433674,-0.0,0.084531
2020,ALOS3,TIMS3,0.8048,0.036883,-1.049476,1.833475,0.0,0.119429
2020,ALOS3,YDUQ3,0.9065,0.024515,0.325336,0.848653,0.0,0.08495
2020,ALPA4,BRAP4,0.8854,0.028918,1.549772,0.863225,0.0,0.088165
2020,ALPA4,CSNA3,0.9489,0.022271,2.25385,0.50667,0.0,0.059857
2020,ALPA4,LINX3,0.9331,0.002449,0.93305,0.708277,-0.0,0.068236
2020,AXIA3,B3SA3,0.9138,0.008489,0.42684,0.970762,-0.0,0.082144
2020,AXIA3,BHIA3,0.8935,0.023726,0.516263,0.414104,0.0,0.090849
2020,AXIA3,BPAC11,0.9372,0.011258,1.424071,0.573335,0.0,0.070536
2020,AXIA3,CSAN3,0.8975,0.00352,-0.14265,1.122476,-0.0,0.089222
2020,AXIA3,GNDI3,0.8701,0.047741,-1.659709,1.118538,-0.0,0.09971
2020,AXIA3,JHSF3,0.9141,0.000422,2.114654,0.565581,-0.0,0.082042
2020,AXIA3,NATU3,0.8717,0.020986,-0.167112,0.842154,-0.0,0.09912
2020,AXIA3,PRIO3,0.9144,0.002468,1.873131,0.567742,-0.0,0.081892
2020,AXIA3,TOTS3,0.8989,0.03571,0.08978,0.922117,-0.0,0.088647
2020,AXIA6,B3SA3,0.8897,0.016826,0.857205,0.7816,0.0,0.076363
2020,AXIA6,BHIA3,0.8534,0.021651,0.96615,0.327074,0.0,0.087206
2020,AXIA6,BPAC11,0.9148,0.026543,1.657075,0.462772,0.0,0.067568
2020,AXIA6,CSAN3,0.9057,0.003363,0.308413,0.936724,0.0,0.070924
2020,AXIA6,JHSF3,0.8881,0.008261,2.217486,0.454433,0.0,0.076888
2020,AXIA6,PRIO3,0.9168,0.003501,1.996269,0.470752,0.0,0.066792
2020,AXIA6,PSSA3,0.8029,0.036623,-0.735915,1.234005,0.0,0.099714
2020,AZUL54,CMIG4,0.8988,0.019544,0.343569,2.235855,0.0,0.160313
2020,AZUL54,HGTX3,0.9297,0.033666,-2.566682,1.901149,-0.0,0.134651
2020,AZUL54,LREN3,0.8963,0.023819,-5.829605,2.55487,0.0,0.162201
2020,AZUL54,QUAL3,0.9193,0.040107,-3.56697,1.930387,-0.0,0.143893
2020,B3SA3,BPAC11,0.9639,0.004684,1.120701,0.555042,0.0,0.050737
2020,BBAS3,BBSE3,0.9272,0.00271,-2.101718,1.592179,0.0,0.056754
2020,BBAS3,CPFE3,0.8971,0.046224,-2.044842,1.546015,0.0,0.066942
2020,BBAS3,EGIE3,0.9106,0.00196,-3.579712,1.922729,0.0,0.062627
2020,BBAS3,ENBR3,0.9115,0.019265,-2.066039,1.65716,0.0,0.06232
2020,BBAS3,EZTC3,0.8898,0.020613,-0.218013,0.81247,0.0,0.069155
2020,BBAS3,HYPE3,0.821,0.010226,-2.371967,1.458496,-0.0,0.086497
2020,BBAS3,IGTA3,0.9248,0.008066,-0.88379,0.90788,0.0,0.057646
2020,BBAS3,ITSA4,0.9562,0.032035,0.200737,1.344083,-0.0,0.044357
2020,BBAS3,LREN3,0.9285,0.003559,-1.325021,1.096622,-0.0,0.056267
2020,BBAS3,MEAL3,0.9317,0.018016,1.708872,0.461954,0.0,0.055051
2020,BBAS3,MULT3,0.9093,0.002822,-0.409189,0.949126,0.0,0.063057
2020,BBAS3,NEOE3,0.9105,0.021738,-0.580725,1.087836,0.0,0.062654
2020,BBAS3,PSSA3,0.8587,0.042653,-1.160682,1.195393,0.0,0.07764
2020,BBDC3,BBSE3,0.9403,9.5e-05,-1.537714,1.408281,-0.0,0.044964
2020,BBDC3,CMIG4,0.9214,0.027585,1.514616,0.828253,0.0,0.051356
2020,BBDC3,CPLE6,0.8443,0.039797,0.919734,1.09399,-0.0,0.070803
2020,BBDC3,EGIE3,0.8844,0.019178,-2.623471,1.628642,0.0,0.061683
2020,BBDC3,ENBR3,0.902,0.020381,-1.411718,1.430199,-0.0,0.057057
2020,BBDC3,EZTC3,0.8656,0.019697,0.220513,0.689325,0.0,0.066177
2020,BBDC3,GOLL54,0.8699,0.038948,2.897185,0.338796,0.0,0.065174
2020,BBDC3,ITSA4,0.9724,0.003298,0.49355,1.192149,-0.0,0.030817
2020,BBDC3,ITUB4,0.9482,0.043747,-0.467559,1.107129,0.0,0.041987
2020,BBDC3,LIGT3,0.8161,0.026562,1.314623,0.397222,-0.0,0.076368
2020,BBDC3,LREN3,0.9088,0.005805,-0.737718,0.936104,0.0,0.055144
2020,BBDC3,MULT3,0.8705,0.04495,0.095206,0.792509,0.0,0.065027
2020,BBDC4,BBSE3,0.9353,0.0029,-1.348941,1.376649,0.0,0.04597
2020,BBDC4,CMIG4,0.9166,0.030835,1.634644,0.809827,0.0,0.051916
2020,BBDC4,EGIE3,0.8845,0.011545,-2.437549,1.600915,0.0,0.060592
2020,BBDC4,ITSA4,0.9786,0.033291,0.614793,1.179166,-0.0,0.026701
2020,BBDC4,MULT3,0.8668,0.048012,0.244923,0.775532,-0.0,0.064769
2020,BBSE3,EGIE3,0.8978,0.032115,-0.609654,1.104035,0.0,0.038851
2020,BBSE3,IGTA3,0.8762,0.01102,1.010694,0.500903,-0.0,0.042529
2020,BBSE3,ITSA4,0.9483,0.000217,1.553979,0.776251,-0.0,0.028008
2020,BBSE3,ITUB4,0.9199,0.002633,0.937651,0.717213,-0.0,0.034598
2020,BBSE3,LREN3,0.8895,0.000834,0.744648,0.61181,-0.0,0.040314
2020,BBSE3,MULT3,0.8572,0.016174,1.280103,0.521046,0.0,0.045443
2020,BBSE3,TIMS3,0.8179,0.032886,0.930371,0.817048,-0.0,0.050767
2020,BHIA3,GNDI3,0.8946,0.044976,-4.353413,2.481489,0.0,0.195007
2020,BHIA3,HAPV3,0.8859,0.04624,-6.882239,2.465922,0.0,0.202489
2020,BHIA3,PRIO3,0.8632,0.042735,3.676247,1.156439,0.0,0.220321
2020,BIDI11,ENEV3,0.9234,0.017613,-1.461086,1.726057,0.0,0.125079
2020,BIDI11,OIBR3,0.9345,0.012482,-0.53111,0.682576,0.0,0.116069
2020,BIDI11,WEGE3,0.9222,0.02771,-0.485296,1.002718,0.0,0.126047
2020,BPAC11,PRIO3,0.9184,0.011916,0.89142,0.932158,-0.0,0.130838
2020,BRAP4,WEGE3,0.9374,0.019717,0.072795,0.608417,-0.0,0.067787
2020,BRFS3,BRKM5,0.8473,0.034636,0.577075,0.777905,-0.0,0.088072
2020,BRFS3,CPFE3,0.861,0.009442,-1.715397,1.623829,0.0,0.084336
2020,BRFS3,CSMG3,0.8509,0.016918,0.499226,1.070725,-0.0,0.087099
2020,BRFS3,ENGI11,0.8338,0.045807,-1.612875,1.306279,0.0,0.091548
2020,BRFS3,MOTV3,0.8115,0.010653,0.054927,1.150208,-0.0,0.096901
2020,BRFS3,SBFG3,0.8063,0.047955,0.661512,0.683072,-0.0,0.098084
2020,BRKM5,CPFE3,0.8646,0.024365,-2.065055,1.776154,0.0,0.090732
2020,BRKM5,SULA11,0.8167,0.018594,-0.931028,1.065028,0.0,0.104224
2020,BRML3,CIEL3,0.8618,0.035777,1.227005,0.851152,0.0,0.098717
2020,BRML3,EMBJ3,0.9158,0.020386,1.03282,0.610053,-0.0,0.078163
2020,BRML3,IRBR3,0.9064,0.006911,-0.001623,0.418859,-0.0,0.082201
2020,BRML3,SBFG3,0.9087,0.00126,-0.611494,0.903399,0.0,0.081216
2020,BRML3,YDUQ3,0.9153,0.014305,-0.39551,0.828587,0.0,0.078382
2020,CESP6,CVCB3,0.8796,0.037136,2.637639,0.223278,-0.0,0.037256
2020,CESP6,ECOR3,0.8665,0.013572,2.199861,0.431139,-0.0,0.03909
2020,CESP6,EQTL3,0.9117,0.047732,1.675767,0.542012,-0.0,0.032182
2020,CESP6,MDIA3,0.8284,0.022628,1.190816,0.60558,-0.0,0.04387
2020,CESP6,PETR3,0.8776,0.012793,2.633782,0.340202,-0.0,0.037544
2020,CESP6,PETR4,0.8779,0.014359,2.638522,0.360865,-0.0,0.037505
2020,CESP6,VBBR3,0.8792,0.026411,2.01265,0.472957,-0.0,0.037314
2020,CIEL3,TIMS3,0.8651,0.005303,-3.088748,1.929521,0.0,0.098816
2020,CIEL3,VIVT4,0.9027,3e-05,-8.718546,2.59162,-0.0,0.084749
2020,CMIG4,CYRE3,0.9274,0.011461,-0.265558,0.512351,-0.0,0.054988
2020,CMIG4,ENBR3,0.9396,0.018544,-3.348686,1.657316,0.0,0.050332
2020,CMIG4,GOLL54,0.9095,0.001366,1.646629,0.394026,-0.0,0.061125
2020,CMIG4,LIGT3,0.9149,0.046292,-0.284073,0.495376,-0.0,0.05935
2020,CMIG4,LREN3,0.9133,0.004315,-2.440136,1.046554,-0.0,0.059876
2020,COGN3,HYPE3,0.8579,0.013296,-7.473734,2.826855,-0.0,0.144411
2020,COGN3,MOTV3,0.848,0.033816,-3.363168,2.037272,0.0,0.148961
2020,COGN3,NEOE3,0.9302,0.018354,-3.876319,2.061574,0.0,0.10314
2020,COGN3,SAPR11,0.9157,0.0045,-4.211412,1.967191,0.0,0.112964
2020,COGN3,TIMS3,0.9196,8.6e-05,-4.998804,2.926277,0.0,0.110381
2020,CPFE3,CVCB3,0.8391,0.040615,2.176331,0.239131,-0.0,0.04783
2020,CPFE3,ENGI11,0.9314,0.008436,0.169035,0.773689,0.0,0.032012
2020,CPFE3,IGTA3,0.8501,0.033116,1.116066,0.484278,-0.0,0.046297
2020,CPFE3,LREN3,0.8717,0.002477,0.839084,0.597426,0.0,0.043082
2020,CPFE3,MEAL3,0.8298,0.013521,2.509441,0.238739,-0.0,0.04907
2020,CPFE3,MULT3,0.8347,0.026194,1.371198,0.505597,0.0,0.048413
2020,CPFE3,PETR3,0.8552,0.012496,2.157963,0.372203,0.0,0.045568
2020,CPFE3,PETR4,0.8398,0.017544,2.175434,0.387572,0.0,0.047733
2020,CPFE3,SBFG3,0.8302,0.015635,1.619152,0.372924,0.0,0.049012
2020,CPFE3,VBBR3,0.9197,0.002386,1.378856,0.555468,-0.0,0.034516
2020,CPLE6,CYRE3,0.8342,0.023808,0.518138,0.319739,0.0,0.056243
2020,CPLE6,ENBR3,0.9416,0.037764,-1.719554,1.152353,0.0,0.034335
2020,CPLE6,GOAU4,0.8014,0.019686,0.989745,0.300422,0.0,0.061005
2020,CPLE6,GOLL54,0.8882,0.001601,1.743236,0.26699,-0.0,0.046854
2020,CPLE6,LCAM3,0.8,0.031573,0.562164,0.275509,-0.0,0.061188
2020,CPLE6,LIGT3,0.8965,0.014202,0.432009,0.336774,0.0,0.04519
2020,CPLE6,LREN3,0.873,0.00848,-0.975499,0.69403,-0.0,0.049748
2020,CPLE6,MOVI3,0.8503,0.022487,0.581379,0.316946,0.0,0.05367
2020,CPLE6,MRVE3,0.8126,0.049483,-0.040002,0.505472,-0.0,0.059443
2020,CPLE6,RAPT4,0.8435,0.024694,0.691634,0.310618,-0.0,0.054789
2020,CSAN3,MRVE3,0.9149,0.046116,0.271906,0.902541,-0.0,0.065281
2020,CSAN3,PRIO3,0.9099,0.04176,1.896566,0.451705,0.0,0.067094
2020,CSMG3,MDIA3,0.8443,0.014441,-1.304866,1.038605,-0.0,0.070625
2020,CSNA3,LCAM3,0.9483,0.00327,-1.210493,1.13754,0.0,0.112804
2020,CVCB3,ECOR3,0.9238,0.001122,-1.667705,1.81077,-0.0,0.118098
2020,CVCB3,ENBR3,0.8638,0.041838,-5.745361,3.197411,-0.0,0.155454
2020,CVCB3,ENGI11,0.8258,0.019576,-5.542049,2.407151,0.0,0.173971
2020,CVCB3,EQTL3,0.8836,0.000843,-3.267492,2.069495,0.0,0.144449
2020,CVCB3,EZTC3,0.8815,0.031761,-2.403803,1.638938,0.0,0.145655
2020,CVCB3,HYPE3,0.8108,0.005678,-6.718556,2.932743,-0.0,0.180556
2020,CVCB3,MDIA3,0.8638,0.025123,-5.7163,2.487753,-0.0,0.155423
2020,CVCB3,MOTV3,0.8883,0.026394,-3.017232,2.342473,0.0,0.1417
2020,CVCB3,NEOE3,0.8499,0.049007,-2.795121,2.067443,0.0,0.162576
2020,CVCB3,PETR3,0.8814,0.002026,0.305003,1.346011,0.0,0.145727
2020,CVCB3,PETR4,0.8756,0.00241,0.340492,1.417905,0.0,0.149026
2020,CVCB3,SAPR11,0.8793,0.020216,-3.431682,2.073651,0.0,0.146906
2020,CVCB3,VBBR3,0.9214,0.002794,-2.365307,1.952534,0.0,0.119918
2020,DXCO3,GGBR4,0.959,0.013561,0.018256,0.992732,-0.0,0.078438
2020,DXCO3,GOAU4,0.9611,0.005662,1.013479,0.97769,-0.0,0.076433
2020,DXCO3,LCAM3,0.9637,0.013869,-0.389157,0.900547,-0.0,0.073881
2020,DXCO3,MOVI3,0.9535,0.008974,-0.154834,0.964432,-0.0,0.08337
2020,DXCO3,RADL3,0.8367,0.028474,-6.987735,3.055491,-0.0,0.15155
2020,DXCO3,RENT3,0.9673,0.016073,-1.411833,0.992314,-0.0,0.070192
2020,DXCO3,USIM5,0.9645,0.002475,0.709782,0.79514,-0.0,0.07304
2020,DXCO3,WEGE3,0.8681,0.036942,-0.372186,0.801413,-0.0,0.137375
2020,ECOR3,EQTL3,0.8812,0.023377,-0.622296,1.053007,0.0,0.074392
2020,ECOR3,HYPE3,0.8289,0.009002,-2.498525,1.529505,-0.0,0.088052
2020,ECOR3,MDIA3,0.8828,0.001831,-1.97478,1.297125,0.0,0.07393
2020,ECOR3,PSSA3,0.8546,0.036584,-1.176132,1.235767,0.0,0.081732
2020,ECOR3,SAPR11,0.9144,0.004392,-0.839969,1.100139,0.0,0.06371
2020,ECOR3,SBSP3,0.9072,0.015617,0.674842,0.833169,0.0,0.066201
2020,ECOR3,TIMS3,0.8653,0.002102,-1.065315,1.541875,0.0,0.078898
2020,EGIE3,EQTL3,0.8402,0.036089,1.746142,0.457723,-0.0,0.038909
2020,EGIE3,EZTC3,0.8713,0.031806,1.892225,0.376795,-0.0,0.035213
2020,EGIE3,HYPE3,0.8087,0.018879,0.88059,0.680337,-0.0,0.04221
2020,EGIE3,ITSA4,0.9063,0.000887,2.11822,0.603319,-0.0,0.030329
2020,EGIE3,ITUB4,0.8533,0.007958,1.681437,0.54105,-0.0,0.037411
2020,EGIE3,MEAL3,0.8625,0.01836,2.801722,0.202531,-0.0,0.036315
2020,EGIE3,PSSA3,0.8881,0.000115,1.364188,0.58545,-0.0,0.032989
2020,EGIE3,TIMS3,0.8317,0.005867,1.541209,0.675665,-0.0,0.039842
2020,EMBJ3,IRBR3,0.9221,0.027375,-1.434458,0.63966,-0.0,0.11303
2020,ENBR3,EQTL3,0.8146,0.048735,1.158043,0.515424,-0.0,0.048335
2020,ENBR3,EZTC3,0.8724,0.002732,1.278991,0.438152,-0.0,0.04074
2020,ENBR3,FLRY3,0.9007,0.0038,0.923249,0.602173,-0.0,0.036215
2020,ENBR3,GOLL54,0.9064,0.00173,2.991329,0.222635,-0.0,0.035201
2020,ENBR3,LREN3,0.9241,5.8e-05,0.652182,0.600324,-0.0,0.03185
2020,ENBR3,PETR3,0.8559,0.008113,2.015359,0.353117,-0.0,0.043091
2020,ENBR3,PETR4,0.8522,0.007549,2.023266,0.372805,-0.0,0.043606
2020,ENBR3,VBBR3,0.9278,0.001144,1.26528,0.531156,-0.0,0.031091
2020,ENEV3,OIBR3,0.9305,0.011124,0.688443,0.36363,0.0,0.063883
2020,ENGI11,MEAL3,0.876,0.012976,3.03199,0.303413,-0.0,0.051043
2020,ENGI11,MOTV3,0.8317,0.01658,1.59179,0.752495,-0.0,0.058757
2020,ENGI11,MULT3,0.8276,0.034358,1.69858,0.603421,-0.0,0.05941
2020,ENGI11,SBFG3,0.8929,0.002428,1.871646,0.482819,-0.0,0.047657
2020,ENGI11,YDUQ3,0.8964,0.019099,1.991791,0.441403,-0.0,0.046909
2020,EQTL3,PSSA3,0.8936,0.026809,-0.256392,1.081386,-0.0,0.059127
2020,EZTC3,GOLL54,0.9069,0.017945,3.81075,0.443505,-0.0,0.069915
2020,EZTC3,ITSA4,0.8589,0.030969,1.042904,1.322162,-0.0,0.084985
2020,EZTC3,LREN3,0.8986,0.020567,-0.737026,1.162342,0.0,0.072792
2020,FLRY3,GGBR4,0.8655,0.006812,2.008141,0.403537,0.0,0.062433
2020,FLRY3,GOAU4,0.8789,0.004998,2.406548,0.402676,-0.0,0.05946
2020,FLRY3,LINX3,0.8135,0.014505,1.538716,0.405743,-0.0,0.072494
2020,FLRY3,MOVI3,0.9245,0.022342,1.868032,0.421134,-0.0,0.047517
2020,FLRY3,NATU3,0.8571,0.042261,1.000637,0.510246,-0.0,0.064206
2020,FLRY3,QUAL3,0.9332,0.046742,0.709842,0.667873,-0.0,0.044808
2020,FLRY3,UGPA3,0.8844,0.022072,1.248726,0.610198,0.0,0.058185
2020,FLRY3,USIM5,0.8507,0.006495,2.302615,0.315868,-0.0,0.065514
2020,GGBR4,LCAM3,0.9709,0.000174,-0.323617,0.876444,-0.0,0.064015
2020,GGBR4,LWSA3,0.8343,0.016646,1.254643,0.424379,-0.0,0.147397
2020,GGBR4,OIBR3,0.9146,0.01696,-0.422652,0.547934,-0.0,0.108122
2020,GGBR4,RENT3,0.9664,8.5e-05,-1.290066,0.957731,-0.0,0.068686
2020,GGBR4,TOTS3,0.9561,0.005132,-1.839268,1.296292,0.0,0.078352
2020,GGBR4,WEGE3,0.8813,0.011373,-0.32598,0.785946,-0.0,0.126336
2020,GNDI3,KLBN11,0.8229,0.042164,2.042964,0.782588,0.0,0.089399
2020,GNDI3,MBRF3,0.8382,0.001094,2.883764,0.621388,0.0,0.085803
2020,GNDI3,MGLU3,0.8441,0.002111,2.063537,0.404404,-0.0,0.084364
2020,GNDI3,NATU3,0.9265,0.005345,1.542929,0.696217,0.0,0.059228
2020,GNDI3,OIBR3,0.8186,0.015053,2.746363,0.288636,-0.0,0.090388
2020,GNDI3,PETR4,0.8532,0.041058,2.907774,0.704713,-0.0,0.082076
2020,GNDI3,PRIO3,0.9044,0.005768,3.290261,0.436796,0.0,0.067146
2020,GNDI3,UGPA3,0.8956,0.016737,2.021686,0.780054,0.0,0.070011
2020,GNDI3,VALE3,0.8377,0.017446,1.447125,0.779037,-0.0,0.08594
2020,GOAU4,LCAM3,0.9702,0.000333,-1.350163,0.891214,0.0,0.065947
2020,GOAU4,LWSA3,0.8148,0.021196,0.27536,0.421779,0.0,0.157716
2020,GOAU4,OIBR3,0.9101,0.02232,-1.439913,0.554839,-0.0,0.112762
2020,GOAU4,RENT3,0.9635,0.000117,-2.324832,0.971627,-0.0,0.072852
2020,GOAU4,TOTS3,0.9547,0.002561,-2.888343,1.317159,0.0,0.080992
2020,GOAU4,USIM5,0.9781,0.007536,-0.273104,0.792664,0.0,0.056582
2020,GOAU4,WEGE3,0.8636,0.025547,-1.3037,0.783705,0.0,0.137179
2020,GOLL54,JHSF3,0.8011,0.015221,-2.705779,0.831476,-0.0,0.203064
2020,GOLL54,LIGT3,0.8512,0.02703,-4.377966,1.06384,0.0,0.178062
2020,GOLL54,LREN3,0.8684,0.033698,-9.172488,2.296738,0.0,0.168269
2020,GOLL54,MOVI3,0.858,0.007372,-4.056555,1.063973,0.0,0.174259
2020,GOLL54,RAPT4,0.8412,0.016989,-3.660991,1.030559,-0.0,0.183493
2020,GOLL54,UGPA3,0.8955,0.007268,-5.995739,1.681956,0.0,0.151
2020,HAPV3,LWSA3,0.889,0.003602,4.593034,0.26521,-0.0,0.071796
2020,HAPV3,MGLU3,0.9299,0.000183,2.915675,0.443904,-0.0,0.057681
2020,HAPV3,VALE3,0.9222,0.000206,2.240808,0.854616,-0.0,0.060626
2020,HYPE3,ITSA4,0.8294,0.017162,2.185177,0.656312,0.0,0.047648
2020,HYPE3,MEAL3,0.8119,0.006103,2.920162,0.226627,0.0,0.049791
2020,HYPE3,MOTV3,0.8032,0.003945,1.786446,0.585627,0.0,0.050809
2020,HYPE3,NEOE3,0.8632,3.1e-05,1.671285,0.580545,0.0,0.043066
2020,HYPE3,PSSA3,0.8119,0.001068,1.366695,0.636264,0.0,0.049788
2020,HYPE3,SAPR11,0.8538,0.000259,1.568967,0.556636,0.0,0.044411
2020,HYPE3,TIMS3,0.8323,0.000451,1.401336,0.803737,0.0,0.047278
2020,HYPE3,YDUQ3,0.838,0.006694,2.133868,0.332536,0.0,0.046544
2020,IGTA3,ITSA4,0.8699,0.007995,1.567547,1.245609,-0.0,0.076119
2020,IGTA3,ITUB4,0.8474,0.030205,0.566118,1.155698,0.0,0.081938
2020,IGTA3,MEAL3,0.9252,0.002674,2.912078,0.467275,-0.0,0.058587
2020,IGTA3,MULT3,0.9901,0.000651,0.501518,1.052777,0.0,0.021626
2020,IGTA3,NEOE3,0.879,0.015631,0.677978,1.069824,0.0,0.07358
2020,IGTA3,SBFG3,0.9129,0.001047,1.202299,0.71985,0.0,0.063004
2020,IGTA3,YDUQ3,0.9076,0.028529,1.402354,0.651738,0.0,0.064787
2020,IRBR3,SBFG3,0.816,0.008359,-0.149374,1.755432,0.0,0.243392
2020,ITSA4,LREN3,0.8947,0.017065,-0.920981,0.751719,0.0,0.048155
2020,ITSA4,MULT3,0.8505,0.023221,-0.238127,0.63157,0.0,0.056692
2020,KLBN11,LWSA3,0.8744,0.029582,2.049793,0.275291,-0.0,0.08027
2020,KLBN11,MBRF3,0.9253,0.030438,1.217216,0.721266,-0.0,0.062756
2020,KLBN11,MGLU3,0.8956,0.013399,0.356991,0.451201,-0.0,0.073596
2020,KLBN11,NATU3,0.8961,0.00201,0.028735,0.708108,-0.0,0.073445
2020,KLBN11,OIBR3,0.8665,0.020999,1.122284,0.321303,-0.0,0.082588
2020,KLBN11,TOTS3,0.8866,0.003302,0.341405,0.743963,-0.0,0.076534
2020,LAME3,LAME4,0.9904,0.04244,-0.482355,1.117645,0.0,0.028867
2020,LCAM3,RAPT4,0.9635,0.022331,0.672863,1.030367,-0.0,0.079293
2020,LCAM3,RENT3,0.9911,0.000126,-1.085676,1.088014,-0.0,0.039471
2020,LCAM3,USIM5,0.9552,0.002669,1.293576,0.842685,-0.0,0.08763
2020,LWSA3,MGLU3,0.9783,0.012459,-5.777927,1.565414,-0.0,0.109017
2020,LWSA3,OIBR3,0.924,0.049018,-2.99828,1.088266,-0.0,0.201009
2020,LWSA3,RENT3,0.8175,0.017607,-3.607801,1.592603,-0.0,0.302721
2020,LWSA3,USIM5,0.8191,0.042253,-0.213979,1.282328,-0.0,0.301511
2020,MBRF3,TOTS3,0.8331,0.043134,-0.799405,0.8968,0.0,0.117414
2020,MDIA3,MOTV3,0.8666,0.04387,1.449406,0.793485,-0.0,0.053462
2020,MDIA3,SBSP3,0.9083,0.028701,2.200564,0.567713,0.0,0.04481
2020,MDIA3,VBBR3,0.8498,0.033339,1.764689,0.625323,-0.0,0.056463
2020,MEAL3,MULT3,0.9132,0.004468,-4.202979,1.922474,0.0,0.124508
2020,MEAL3,NEOE3,0.9325,0.00226,-4.667344,2.247049,0.0,0.110329
2020,MEAL3,SAPR11,0.8881,0.02118,-4.825086,2.074533,0.0,0.140438
2020,MEAL3,SBFG3,0.925,0.038679,-3.345139,1.444103,0.0,0.116124
2020,MEAL3,TIMS3,0.8722,0.000915,-5.499487,3.017313,0.0,0.149497
2020,MEAL3,YDUQ3,0.9466,0.00065,-3.069997,1.345834,0.0,0.098482
2020,MGLU3,VALE3,0.9636,0.00947,-1.33404,1.870608,-0.0,0.087771
2020,MOTV3,NEOE3,0.8235,0.014296,0.42446,0.759615,0.0,0.066374
2020,MOTV3,SAPR11,0.8903,0.000595,0.08867,0.796099,0.0,0.053281
2020,MOTV3,SBFG3,0.8433,0.034303,0.819846,0.504026,0.0,0.062874
2020,MOTV3,SBSP3,0.8631,0.001548,1.21393,0.589163,0.0,0.059073
2020,MOTV3,TIMS3,0.8041,0.023707,0.041008,1.064961,-0.0,0.06955
2020,MOTV3,VBBR3,0.8765,0.01679,0.616614,0.704321,-0.0,0.056326
2020,MOTV3,YDUQ3,0.8635,0.027993,0.915088,0.469967,0.0,0.059004
2020,MOVI3,OIBR3,0.8406,0.038019,-0.027067,0.515421,-0.0,0.148234
2020,MRVE3,PRIO3,0.8932,0.031068,1.895049,0.449497,0.0,0.073728
2020,MULT3,NEOE3,0.8588,0.003483,0.256459,0.983049,0.0,0.074354
2020,MULT3,SBFG3,0.8911,0.000904,0.740281,0.660838,-0.0,0.065882
2020,MULT3,YDUQ3,0.8902,0.01274,0.914414,0.601205,0.0,0.066122
2020,NATU3,OIBR3,0.9092,0.034613,1.671943,0.426612,-0.0,0.087192
2020,NATU3,UGPA3,0.9074,0.032909,0.871067,1.051702,0.0,0.088013
2020,NATU3,WEGE3,0.8396,0.001064,1.827646,0.586433,-0.0,0.113739
2020,NEOE3,TIMS3,0.8815,0.00229,-0.195053,1.265646,-0.0,0.059878
2020,OIBR3,TOTS3,0.937,0.019438,-1.829754,2.120498,0.0,0.155872
2020,PETR3,UGPA3,0.8702,0.026597,-0.783184,0.973091,0.0,0.099531
2020,PETR3,VBBR3,0.9068,0.01239,-1.480375,1.258301,-0.0,0.08518
2020,PETR4,UGPA3,0.8806,0.012937,-0.781619,0.928665,0.0,0.090258
2020,PETR4,VBBR3,0.898,0.026775,-1.379722,1.175166,-0.0,0.08382
2020,PRIO3,TOTS3,0.8678,0.019313,-2.554774,1.433845,0.0,0.161882
2020,PRIO3,UGPA3,0.8981,0.00018,-2.460881,1.619735,-0.0,0.143259
2020,PSSA3,TIMS3,0.8184,0.027123,0.633043,1.008555,0.0,0.062543
2020,QUAL3,RENT3,0.8451,0.033348,1.283614,0.545539,-0.0,0.093117
2020,QUAL3,USIM5,0.8394,0.04204,2.453093,0.435442,0.0,0.094663
2020,RADL3,RENT3,0.8473,0.001557,2.136834,0.238018,0.0,0.040258
2020,RAPT4,RENT3,0.952,0.026247,-1.423771,0.97727,-0.0,0.084782
2020,RAPT4,WEGE3,0.8274,0.025814,-0.321153,0.764313,-0.0,0.155554
2020,RENT3,USIM5,0.9534,0.000195,2.202047,0.76613,0.0,0.081408
2020,RENT3,WEGE3,0.8875,0.023359,1.075949,0.798668,-0.0,0.124315
2020,SAPR11,TIMS3,0.8663,0.030318,0.064406,1.283027,-0.0,0.065356
2020,SAPR11,YDUQ3,0.9009,0.033926,1.176229,0.548331,-0.0,0.056778
2020,SBFG3,YDUQ3,0.9461,5e-06,0.422183,0.861511,0.0,0.06341
2020,SULA11,YDUQ3,0.8157,0.048733,1.931549,0.525612,0.0,0.080105
2020,SUZB3,WEGE3,0.8042,0.040654,2.275831,0.420482,-0.0,0.093166
2021,AMER3,B3SA3,0.9448,0.004502,3.164615,2.091605,-0.0,0.094928
2021,AMER3,CIEL3,0.9183,0.035682,7.233109,1.348493,-0.0,0.114747
2021,AMER3,COGN3,0.9365,0.00043,6.836618,1.501004,-0.0,0.101646
2021,AMER3,CRFB3,0.8132,0.017945,1.482892,2.420829,-0.0,0.168685
2021,AMER3,ECOR3,0.8999,0.025117,3.915074,2.008296,-0.0,0.126406
2021,AMER3,LREN3,0.8219,0.002392,1.166685,2.221115,-0.0,0.165087
2021,AMER3,RAIL3,0.8177,0.004962,-0.151705,2.986342,-0.0,0.16683
2021,AMER3,SULA11,0.8844,0.020609,0.221856,2.42759,-0.0,0.135257
2021,AMER3,UGPA3,0.9138,0.029737,4.038007,1.677024,-0.0,0.117727
2021,AXIA3,BPAN4,0.9264,0.004991,2.118256,0.417445,0.0,0.043143
2021,AXIA6,BPAC11,0.8755,0.04336,0.525571,0.828532,0.0,0.053254
2021,AXIA6,BPAN4,0.9315,0.002378,2.055566,0.403567,0.0,0.040068
2021,AZZA3,VBBR3,0.9354,0.020611,2.067625,0.758646,0.0,0.035666
2021,B3SA3,IRBR3,0.9221,0.033224,-3.254093,1.13819,-0.0,0.050644
2021,B3SA3,MRVE3,0.957,0.009551,0.557788,0.75434,-0.0,0.037987
2021,B3SA3,OIBR3,0.939,0.008325,0.225107,0.476686,0.0,0.045026
2021,B3SA3,RAIL3,0.843,0.017293,-1.478317,1.390806,-0.0,0.070415
2021,B3SA3,UGPA3,0.9394,0.005146,0.478954,0.778766,-0.0,0.044895
2021,BBDC3,BRML3,0.9397,0.0012,1.015745,0.679627,-0.0,0.030109
2021,BBDC3,COGN3,0.8861,0.046095,2.056496,0.431518,0.0,0.040821
2021,BBDC3,LREN3,0.9399,0.002555,-0.014019,0.771783,-0.0,0.030063
2021,BBDC3,MOTV3,0.8499,0.042535,-0.093115,1.094011,-0.0,0.046405
2021,BBDC3,MULT3,0.9173,0.029814,0.231419,0.790754,0.0,0.035064
2021,BBDC3,SULA11,0.8116,0.030606,0.226539,0.676898,-0.0,0.051442
2021,BBDC3,YDUQ3,0.8828,0.000551,0.700564,0.574019,-0.0,0.041364
2021,BBDC4,BRML3,0.923,0.00286,1.14961,0.690742,0.0,0.035069
2021,BBDC4,COGN3,0.8368,0.046132,2.226194,0.421697,0.0,0.049894
2021,BBDC4,ECOR3,0.8474,0.024889,1.335909,0.594596,-0.0,0.048389
2021,BBDC4,IGTA3,0.9113,0.040459,0.210391,0.690193,-0.0,0.037512
2021,BBDC4,LREN3,0.9114,0.015213,0.136019,0.774419,0.0,0.037497
2021,BBDC4,MOTV3,0.8712,0.006326,-0.094053,1.160425,-0.0,0.044742
2021,BBDC4,YDUQ3,0.8599,0.000435,0.844776,0.578564,0.0,0.046519
2021,BIDI11,BRAP4,0.8619,0.035677,-0.286383,1.659861,-0.0,0.106631
2021,BIDI11,HYPE3,0.8914,0.028499,-4.278598,2.532443,-0.0,0.095304
2021,BIDI11,VALE3,0.8657,0.036111,-1.503048,1.361486,-0.0,0.105277
2021,BIDI4,BRAP4,0.8713,0.02542,-1.336618,1.641369,0.0,0.100976
2021,BIDI4,HYPE3,0.8839,0.038273,-5.126938,2.45656,-0.0,0.096205
2021,BIDI4,VALE3,0.8681,0.0351,-2.496116,1.335691,-0.0,0.102104
2021,BRAP4,DXCO3,0.8843,0.006234,0.208031,0.958256,0.0,0.05098
2021,BRAP4,RENT3,0.8149,0.030398,-1.161057,0.978815,0.0,0.063291
2021,BRKM5,EQTL3,0.8556,0.040135,-3.875534,2.512275,0.0,0.09854
2021,BRKM5,TOTS3,0.818,0.01034,-1.709121,1.590288,-0.0,0.109521
2021,BRML3,CIEL3,0.8731,0.045914,1.729155,0.538641,0.0,0.059372
2021,BRML3,COGN3,0.8592,0.008351,1.594153,0.578589,0.0,0.062294
2021,BRML3,ETER3,0.8603,0.040907,1.107558,0.41222,0.0,0.062066
2021,BRML3,LREN3,0.9607,0.00301,-1.366748,1.090696,0.0,0.033819
2021,BRML3,VALE3,0.8382,0.022907,-0.893226,0.763249,0.0,0.066401
2021,BRML3,YDUQ3,0.8773,0.026977,-0.284939,0.788729,0.0,0.058443
2021,CIEL3,CMIN3,0.9316,0.029627,-0.502411,0.998992,-0.0,0.07171
2021,CIEL3,MULT3,0.8931,0.009013,-4.085478,1.725527,0.0,0.088765
2021,CIEL3,SULA11,0.8788,0.012902,-4.661237,1.642609,-0.0,0.094176
2021,CMIN3,LREN3,0.8681,0.022975,-3.47471,1.489788,0.0,0.091368
2021,CMIN3,MULT3,0.8499,0.026574,-3.015112,1.53127,0.0,0.096988
2021,CMIN3,RAIL3,0.9206,3.9e-05,-4.742164,2.135168,0.0,0.071873
2021,CMIN3,UGPA3,0.9294,0.018972,-1.437791,1.083211,-0.0,0.067931
2021,COGN3,ECOR3,0.9597,0.014298,-1.942583,1.336302,-0.0,0.050807
2021,COGN3,LREN3,0.9232,0.016161,-4.031307,1.556549,-0.0,0.069492
2021,CRFB3,CYRE3,0.8695,0.026875,1.527829,0.523954,0.0,0.048083
2021,CRFB3,EZTC3,0.8809,0.033674,1.488417,0.49304,0.0,0.046081
2021,CRFB3,IRBR3,0.8317,0.044095,-0.993624,0.763336,0.0,0.054049
2021,CRFB3,MRVE3,0.8788,0.049614,1.538538,0.515084,0.0,0.046457
2021,CRFB3,UGPA3,0.8964,0.034492,1.429185,0.552586,0.0,0.043152
2021,CSAN3,LCAM3,0.8021,0.030238,0.910108,0.669898,0.0,0.041533
2021,CSNA3,DXCO3,0.914,0.042671,-2.473328,2.220682,-0.0,0.099312
2021,CSNA3,RAIL3,0.8948,0.037377,-4.860985,2.760978,-0.0,0.109305
2021,CYRE3,EZTC3,0.992,0.001376,-0.019019,0.921404,0.0,0.020422
2021,CYRE3,QUAL3,0.9183,0.016836,0.016864,0.828294,0.0,0.063938
2021,DXCO3,HYPE3,0.8672,0.035035,-1.36795,1.180603,-0.0,0.050187
2021,DXCO3,VALE3,0.9143,0.000767,-0.297201,0.689098,-0.0,0.04082
2021,ECOR3,LREN3,0.9316,0.004576,-1.441417,1.128021,0.0,0.047213
2021,ECOR3,RAIL3,0.9036,0.040795,-2.000696,1.478627,0.0,0.055636
2021,EMBJ3,KLBN11,-0.8619,0.002195,8.466883,-1.951155,-0.0,0.097279
2021,EMBJ3,OIBR3,-0.8487,0.021276,5.998735,-0.631304,0.0,0.10145
2021,EMBJ3,PETR3,0.9215,0.025443,-0.151301,1.458066,-0.0,0.074503
2021,EMBJ3,PETR4,0.9124,0.024856,-0.385204,1.652907,-0.0,0.078495
2021,EMBJ3,SUZB3,-0.8808,0.008254,8.05775,-1.298671,0.0,0.090818
2021,ENBR3,VIVT3,0.8626,0.03245,0.697492,0.732011,-0.0,0.023002
2021,EQTL3,POSI3,0.8971,0.000238,2.678298,0.181093,-0.0,0.02865
2021,ETER3,IGTA3,0.8971,0.002206,-4.078923,1.894627,-0.0,0.112296
2021,ETER3,MOTV3,0.8516,0.031262,-4.861944,3.163531,0.0,0.133202
2021,EZTC3,IRBR3,0.9198,0.040092,-4.830242,1.508273,-0.0,0.068234
2021,GNDI3,HAPV3,0.9909,0.001391,-0.694361,0.939349,-0.0,0.010215
2021,GNDI3,JBSS3,-0.835,0.00765,5.968875,-0.513289,0.0,0.041833
2021,IGTA3,MOTV3,0.9104,0.040538,-0.248754,1.601312,0.0,0.049771
2021,IGTA3,YDUQ3,0.8421,0.043487,1.207578,0.748127,0.0,0.064895
2021,IRBR3,UGPA3,0.9118,0.028485,3.4712,0.612434,-0.0,0.043554
2021,JBSS3,QUAL3,-0.9073,0.00636,5.103869,-0.626608,-0.0,0.052008
2021,KLBN11,SUZB3,0.965,0.046508,0.35664,0.628499,-0.0,0.022211
2021,LAME4,OIBR3,0.9465,0.028806,-2.230396,0.863364,0.0,0.075871
2021,LAME4,SULA11,0.8864,0.019163,-4.75177,1.974829,-0.0,0.108866
2021,LREN3,MULT3,0.9591,0.003234,0.369621,1.006885,0.0,0.030362
2021,LREN3,RAIL3,0.8905,0.029354,-0.184265,1.203397,-0.0,0.048801
2021,LREN3,YDUQ3,0.9003,0.004916,1.02451,0.712938,0.0,0.046675
2021,LWSA3,NATU3,0.8337,0.010084,0.238272,0.73909,0.0,0.073781
2021,MBRF3,QUAL3,-0.8992,0.026965,5.308133,-0.915072,-0.0,0.07974
2021,MOTV3,YDUQ3,0.8271,0.019733,1.067553,0.417793,0.0,0.038447
2021,MRVE3,UGPA3,0.952,0.039632,-0.02154,1.001263,-0.0,0.050835
2021,MULT3,SULA11,0.8584,0.003176,0.080966,0.830492,-0.0,0.0524
2021,MULT3,UGPA3,0.8301,0.039824,1.484388,0.537003,-0.0,0.056953
2021,MULT3,YDUQ3,0.8454,0.032627,0.875581,0.637697,-0.0,0.054555
2021,PCAR3,YDUQ3,0.8032,0.0,-1.189278,1.160937,0.0,0.116598
2021,PETR3,PETR4,0.9937,0.025435,-0.16842,1.137639,0.0,0.013608
2021,POSI3,TAEE11,0.9147,0.011516,-10.683417,4.028853,0.0,0.129841
2021,POSI3,VBBR3,0.8659,0.043231,-4.315854,2.236388,0.0,0.160691
2021,RAIL3,RENT3,0.8717,0.027358,-0.048749,0.760785,0.0,0.038892
2021,RAIL3,UGPA3,0.8844,0.00455,1.71523,0.444447,-0.0,0.037031
2021,RAIL3,VALE3,0.8664,0.046105,0.790126,0.514193,-0.0,0.039619
2021,RAIL3,YDUQ3,0.8194,0.038035,1.363848,0.480131,-0.0,0.045487
2021,RENT3,VALE3,0.8432,0.013708,1.523419,0.573338,-0.0,0.048875
2021,RENT3,YDUQ3,0.8721,0.013702,2.002748,0.585479,0.0,0.044489
2022,ALPA4,AMER3,0.8896,0.024832,-0.382992,0.434427,-0.0,0.08891
2022,ALPA4,AUAU3,0.8286,0.026884,1.762909,0.509741,-0.0,0.108984
2022,ALPA4,AZUL54,0.8394,0.040781,1.56144,0.548184,-0.0,0.105797
2022,ALPA4,MBRF3,0.8429,0.041588,1.642973,0.557421,-0.0,0.10474
2022,ALPA4,YDUQ3,0.8393,0.022407,0.980789,0.733945,-0.0,0.105832
2022,AMER3,AUAU3,0.9476,0.04585,4.894438,1.193792,-0.0,0.12731
2022,AMER3,DXCO3,0.9372,0.027982,3.470594,1.938415,-0.0,0.139069
2022,AMER3,YDUQ3,0.9332,0.048095,3.186838,1.671174,-0.0,0.143203
2022,ASAI3,BBSE3,0.9515,0.010475,-0.276217,1.044832,0.0,0.049512
2022,ASAI3,HYPE3,0.9468,0.00658,-0.628537,0.962388,-0.0,0.051789
2022,ASAI3,RECV3,0.8907,0.025227,0.113379,0.919674,-0.0,0.07317
2022,ASAI3,SBSP3,0.9242,0.012685,0.762494,0.943752,0.0,0.061465
2022,AUAU3,DXCO3,0.9708,0.00462,-1.130223,1.593945,-0.0,0.075892
2022,AUAU3,MBRF3,0.9549,0.021192,-0.085162,1.026451,-0.0,0.093985
2022,AUAU3,NATU3,0.9509,0.018385,-1.11831,1.197354,0.0,0.097908
2022,AXIA3,BEEF3,0.8719,0.025297,1.450651,0.825811,0.0,0.066647
2022,AXIA3,CASH3,-0.8504,0.046576,3.99115,-0.336309,0.0,0.071596
2022,AXIA3,CMIN3,-0.8863,0.015196,3.903316,-0.552127,0.0,0.063023
2022,AXIA6,CASH3,-0.893,0.044224,4.09952,-0.432003,-0.0,0.074937
2022,AXIA6,CMIN3,-0.9104,0.035875,3.971265,-0.693828,-0.0,0.068867
2022,AXIA6,CSNA3,-0.8863,0.049083,4.698801,-0.572384,0.0,0.077097
2022,AZUL54,BPAN4,0.9304,0.049008,-0.559481,1.512771,0.0,0.109231
2022,B3SA3,BRML3,0.8621,0.042967,0.020577,1.10752,-0.0,0.053737
2022,B3SA3,INTB3,0.8343,0.024417,-0.247579,0.831979,-0.0,0.05847
2022,B3SA3,ITSA4,0.9086,0.000826,0.068953,1.386649,-0.0,0.044292
2022,B3SA3,SOMA3,0.8571,0.026356,0.80441,0.654264,-0.0,0.054632
2022,B3SA3,TOTS3,0.8463,0.006171,-0.188578,0.788564,-0.0,0.056497
2022,BBAS3,MDIA3,0.8298,0.045525,1.427441,0.343337,0.0,0.062861
2022,BBAS3,PETR3,0.929,0.011737,0.811896,0.648978,0.0,0.041676
2022,BBAS3,PETR4,0.9373,0.006811,0.935945,0.643752,0.0,0.039262
2022,BBAS3,VAMO3,0.8057,0.036455,0.821305,0.734547,0.0,0.066713
2022,BEEF3,CMIG4,0.8287,0.041689,0.2187,1.277375,-0.0,0.080412
2022,BEEF3,CPFE3,0.8723,0.022671,-1.052451,1.071235,0.0,0.070258
2022,BHIA3,HAPV3,0.8782,0.013824,1.129896,0.672975,0.0,0.108729
2022,BHIA3,MRVE3,0.8437,0.023639,1.487519,1.240295,0.0,0.122043
2022,BPAC11,ITUB4,0.8871,0.044496,0.200516,1.017468,0.0,0.042928
2022,BPAN4,CBAV3,0.8717,0.006116,0.202231,0.697243,0.0,0.089833
2022,BPAN4,HAPV3,0.934,0.00706,-0.779777,0.577259,-0.0,0.065504
2022,BPAN4,RDOR3,0.9232,0.0322,-0.911202,0.84259,-0.0,0.070444
2022,BPAN4,VBBR3,0.9437,0.000357,-1.637255,1.368755,-0.0,0.060643
2022,BRAP4,VALE3,0.9795,0.0061,-1.70979,1.116896,-0.0,0.024533
2022,BRKM5,CVCB3,0.8892,0.02569,2.510011,0.505194,0.0,0.098016
2022,BRKM5,JBSS3,0.8994,0.027301,-0.050618,1.150785,0.0,0.093662
2022,BRKM5,QUAL3,0.8917,0.038246,2.256285,0.57283,0.0,0.096961
2022,BRKM5,YDUQ3,0.8817,0.033087,1.400591,0.84856,-0.0,0.101057
2022,BRML3,CYRE3,0.868,0.012535,0.843529,0.572479,0.0,0.040991
2022,BRML3,ITSA4,0.8239,0.042716,0.506656,0.978722,0.0,0.046785
2022,CASH3,CBAV3,0.8388,0.00634,-1.291108,1.259186,0.0,0.187338
2022,CASH3,CSNA3,0.9315,0.011516,-1.184703,1.243468,-0.0,0.125162
2022,CASH3,USIM5,0.9482,0.014733,-0.860174,1.243892,0.0,0.109298
2022,CBAV3,DXCO3,0.8219,0.02979,0.489136,0.97753,-0.0,0.130572
2022,CBAV3,HAPV3,0.8157,0.033965,-0.466495,0.630348,-0.0,0.132582
2022,CBAV3,NATU3,0.8207,0.036151,0.456797,0.748565,-0.0,0.13097
2022,CBAV3,RDOR3,0.9092,0.000187,-1.011546,1.037413,-0.0,0.095446
2022,CBAV3,SULA11,0.8271,0.014139,-1.522544,1.264179,0.0,0.128824
2022,CBAV3,VBBR3,0.8948,0.001826,-1.740293,1.6226,-0.0,0.102338
2022,CIEL3,CSNA3,-0.889,0.021633,4.065233,-1.149224,-0.0,0.15261
2022,CIEL3,HYPE3,0.962,0.018863,-5.865483,2.024221,-0.0,0.090982
2022,COGN3,IGTI11,0.8364,0.003665,-2.999847,1.306386,0.0,0.065261
2022,COGN3,LREN3,0.8803,0.009586,-2.48342,1.089431,0.0,0.056487
2022,CSAN3,CVCB3,0.8415,0.034902,2.360715,0.247728,0.0,0.059963
2022,CSAN3,DXCO3,0.871,0.021361,1.847493,0.501651,0.0,0.054532
2022,CSAN3,IRBR3,0.8032,0.045495,2.224565,0.166933,0.0,0.066126
2022,CSAN3,MBRF3,0.8659,0.003705,2.168611,0.326526,-0.0,0.055519
2022,CSAN3,NATU3,0.8582,0.00703,1.845061,0.379057,0.0,0.05698
2022,CSAN3,QUAL3,0.8101,0.017173,2.262875,0.269634,-0.0,0.06508
2022,CSAN3,RDOR3,0.865,0.04221,1.263715,0.47793,0.0,0.055705
2022,CSAN3,USIM5,0.835,0.02519,2.11365,0.353342,0.0,0.06108
2022,CVCB3,DXCO3,0.9494,0.014416,-1.720645,1.857567,-0.0,0.118387
2022,CVCB3,RAIZ4,0.9548,0.000262,-0.468425,1.746132,-0.0,0.112026
2022,DXCO3,GOLL54,0.9459,0.018998,3.236964,0.603497,-0.0,0.062531
2022,DXCO3,MBRF3,0.9662,0.000267,0.681062,0.63261,-0.0,0.04966
2022,DXCO3,NATU3,0.9422,0.009252,0.08712,0.722552,0.0,0.064586
2022,DXCO3,RAIZ4,0.9351,0.037856,0.774052,0.873977,-0.0,0.068323
2022,DXCO3,VBBR3,0.9097,0.045805,-1.560811,1.386926,-0.0,0.080047
2022,ENBR3,IGTI11,0.8135,0.007839,1.252516,0.604796,0.0,0.032959
2022,ENBR3,MULT3,0.8655,0.021879,1.484965,0.504252,0.0,0.02839
2022,ENBR3,TAEE11,0.8741,0.017165,0.499982,0.747146,0.0,0.027527
2022,ENBR3,VAMO3,0.8054,0.026568,2.111192,0.369504,0.0,0.033592
2022,ENEV3,MOTV3,0.8622,0.003819,0.148079,1.026862,0.0,0.04482
2022,HAPV3,VBBR3,0.9343,0.036804,-1.014206,2.19244,-0.0,0.10578
2022,HYPE3,RECV3,0.8952,0.046248,0.902717,0.909379,0.0,0.070573
2022,HYPE3,USIM5,-0.8906,0.036244,4.690549,-0.537697,-0.0,0.07203
2022,IGTI11,MULT3,0.8767,0.028725,0.821392,0.687048,-0.0,0.036676
2022,INTB3,ITSA4,0.8774,0.003866,0.929329,1.342673,0.0,0.051021
2022,IRBR3,JBSS3,0.9621,0.030824,-5.716251,3.069062,-0.0,0.145598
2022,IRBR3,VIVT3,0.9021,0.047327,-10.115157,4.865163,-0.0,0.230454
2022,ISAE4,SANB11,0.8255,0.017795,1.218886,0.521187,-0.0,0.024887
2022,JBSS3,VIVT3,0.9325,0.028358,-1.408301,1.576635,-0.0,0.06045
2022,KLBN11,SUZB3,0.9632,0.006618,-0.869837,0.932754,-0.0,0.024556
2022,MBRF3,NATU3,0.9369,0.006611,-0.814484,1.097451,0.0,0.102893
2022,MBRF3,QUAL3,0.9222,0.035751,0.31633,0.814053,0.0,0.1138
2022,MBRF3,YDUQ3,0.8959,0.004199,-0.844389,1.184635,-0.0,0.130794
2022,MDIA3,PETR3,0.8963,0.032206,-0.775725,1.513189,-0.0,0.120706
2022,MDIA3,PETR4,0.892,0.031841,-0.434876,1.480581,0.0,0.123067
2022,MULT3,TAEE11,0.8185,0.008749,-1.018376,1.200826,0.0,0.055884
2022,MULT3,VAMO3,0.8079,0.026947,1.470843,0.6362,-0.0,0.057323
2022,NATU3,RAIZ4,0.9066,0.019242,1.109095,1.104908,-0.0,0.106066
2022,NATU3,RDOR3,0.9073,0.042662,-1.10288,1.134963,-0.0,0.105692
2022,NATU3,VBBR3,0.8991,0.010072,-1.932671,1.787507,-0.0,0.110001
2022,NATU3,YDUQ3,0.9013,0.020508,0.133983,1.017473,-0.0,0.108871
2022,OIBR3,QUAL3,0.947,0.038594,0.465691,1.470626,0.0,0.166412
2022,PETR3,PETR4,0.9976,0.001124,0.219152,0.980865,0.0,0.011146
2022,PRIO3,PSSA3,0.8445,0.015006,-1.095256,1.555393,-0.0,0.089092
2022,RADL3,WEGE3,0.8196,0.031669,1.388996,0.475249,-0.0,0.046028
2022,RDOR3,VBBR3,0.9335,0.028788,-0.490194,1.48359,-0.0,0.072016
2022,RECV3,SBSP3,0.8826,0.001105,1.026216,0.872881,0.0,0.07329
2022,SMTO3,VIVT3,0.9337,0.023977,-2.398241,2.000487,-0.0,0.075956
2022,USIM5,YDUQ3,0.8908,0.021724,-0.507347,1.049605,-0.0,0.119208
2023,ALOS3,BPAC11,0.9732,0.004318,0.406381,0.761524,-0.0,0.038034
2023,ALOS3,ENGI11,0.9381,0.006102,-2.438071,1.480128,-0.0,0.057288
2023,ALOS3,RAIZ4,0.8767,0.021167,1.676791,0.994024,-0.0,0.079572
2023,ALPA4,GFSA3,0.8196,0.038723,0.214195,0.395451,0.0,0.095988
2023,AUAU3,BHIA3,0.9402,0.02091,0.309614,0.335156,-0.0,0.075133
2023,AURE3,BBDC3,0.8041,0.00282,1.744367,0.319662,-0.0,0.020851
2023,AURE3,IGTI11,0.8553,0.001842,1.444627,0.353458,-0.0,0.018171
2023,AURE3,MOTV3,0.8168,0.010925,1.659818,0.336351,-0.0,0.020234
2023,AURE3,TAEE11,0.8203,0.003389,-0.196226,0.803761,-0.0,0.020057
2023,AZUL54,COGN3,0.8472,0.035282,1.366248,1.042637,0.0,0.130369
2023,AZUL54,CSMG3,0.8258,0.007663,-1.276822,1.355521,-0.0,0.138395
2023,AZZA3,GGBR4,0.8158,0.037864,0.679177,1.172059,-0.0,0.065258
2023,AZZA3,HYPE3,0.9063,0.012255,0.563198,1.003134,-0.0,0.047682
2023,B3SA3,BBDC4,0.9168,0.04375,-0.172028,1.067466,0.0,0.042272
2023,B3SA3,STBP3,0.8364,0.045788,0.622921,0.950652,0.0,0.058017
2023,BBAS3,BPAC11,0.9204,0.007413,0.864291,0.633332,-0.0,0.05686
2023,BBAS3,BRFS3,0.8153,0.02042,1.951779,0.468469,-0.0,0.084212
2023,BBAS3,CPFE3,0.8765,0.028557,-1.436549,1.34192,0.0,0.070011
2023,BBAS3,CPLE6,0.8432,0.028118,0.8571,1.044324,0.0,0.07819
2023,BBAS3,ENGI11,0.89,0.00726,-1.515086,1.234802,0.0,0.066322
2023,BBAS3,EQTL3,0.9239,0.030596,-1.228328,1.249494,-0.0,0.055656
2023,BBAS3,FLRY3,0.8095,0.038783,-0.696122,1.426486,-0.0,0.08539
2023,BBAS3,IRBR3,0.836,0.000701,1.478469,0.405309,-0.0,0.079823
2023,BBAS3,ITSA4,0.9126,0.028286,0.331459,1.430445,0.0,0.059465
2023,BBAS3,TIMS3,0.9325,0.02229,0.58392,0.96386,-0.0,0.052519
2023,BBAS3,UGPA3,0.9534,0.033432,1.233845,0.6158,0.0,0.043895
2023,BBDC3,ISAE4,0.9041,0.019954,-1.226234,1.21852,0.0,0.037698
2023,BBDC4,COGN3,0.9091,0.047733,2.122279,0.414512,-0.0,0.03787
2023,BBDC4,IGTI11,0.8771,0.019768,-0.316185,0.939638,-0.0,0.043675
2023,BBDC4,ISAE4,0.8903,0.003642,-1.147571,1.236755,-0.0,0.041396
2023,BPAC11,ENGI11,0.9521,0.007088,-3.649561,1.91976,-0.0,0.064643
2023,BPAC11,EQTL3,0.969,0.007924,-3.077561,1.904541,-0.0,0.052226
2023,BPAC11,SMFT3,0.9409,0.042144,0.359652,1.014586,0.0,0.071596
2023,BPAC11,VIVA3,0.9295,0.039465,-1.028622,1.345517,0.0,0.077971
2023,BRFS3,SBSP3,0.9326,0.017158,-2.703,2.063694,-0.0,0.091382
2023,BRFS3,VBBR3,0.9479,0.003085,-1.762509,1.476247,0.0,0.08065
2023,BRFS3,VIVT3,0.8925,0.029823,-3.930579,2.054303,-0.0,0.114183
2023,CPFE3,EQTL3,0.9635,0.034855,0.420151,0.851191,-0.0,0.025418
2023,CPFE3,VBBR3,0.8384,0.04745,1.975078,0.490067,-0.0,0.051777
2023,CSMG3,EGIE3,0.9474,0.006157,-3.675537,1.926816,-0.0,0.047829
2023,CSMG3,IGTI11,0.9168,0.002991,-2.196332,1.615183,0.0,0.059689
2023,CSMG3,MOTV3,0.8919,0.043319,-1.283724,1.565777,0.0,0.067599
2023,CSMG3,MULT3,0.8606,0.038003,-2.768905,1.710527,-0.0,0.076151
2023,CSMG3,RADL3,0.9394,0.042791,-2.235685,1.50141,-0.0,0.051259
2023,CVCB3,GFSA3,0.8146,0.009335,-0.944004,0.450463,-0.0,0.111403
2023,CYRE3,DIRR3,0.958,0.011694,0.2143,1.56744,-0.0,0.059421
2023,DIRR3,VIVA3,0.9454,0.014692,-1.099397,0.819402,0.0,0.041267
2023,DXCO3,GMAT3,0.8791,0.017911,0.16756,0.915914,0.0,0.062152
2023,DXCO3,MDIA3,0.9107,0.000296,-0.985697,0.808797,0.0,0.053864
2023,EGIE3,IGTI11,0.9229,0.010579,0.882199,0.799431,0.0,0.028311
2023,EGIE3,RADL3,0.9485,0.004319,0.855379,0.745415,0.0,0.023292
2023,ENGI11,EQTL3,0.9742,0.001682,0.438699,0.949616,-0.0,0.023659
2023,ENGI11,ITSA4,0.944,0.009047,1.661404,1.066496,0.0,0.034581
2023,ENGI11,UGPA3,0.913,0.036691,2.427112,0.425063,0.0,0.042759
2023,EQTL3,SMFT3,0.9274,0.025725,1.87249,0.508825,0.0,0.040219
2023,FLRY3,ITSA4,0.8986,0.039407,1.087687,0.799301,0.0,0.036221
2023,FLRY3,ITUB4,0.9326,0.001169,0.062771,0.837404,-0.0,0.029792
2023,FLRY3,UGPA3,0.8746,0.036569,1.656059,0.320586,0.0,0.040023
2023,FLRY3,VIVT3,0.877,0.025747,0.613206,0.658241,-0.0,0.039654
2023,GMAT3,MDIA3,0.8858,0.006508,-0.812674,0.755068,0.0,0.058091
2023,GMAT3,RDOR3,0.9031,0.010233,-0.708302,0.79993,-0.0,0.053759
2023,IGTI11,ISAE4,0.8734,0.000206,-0.349676,1.132468,-0.0,0.041327
2023,IGTI11,MULT3,0.94,0.036522,-0.359564,1.060655,-0.0,0.028943
2023,IGTI11,RADL3,0.9133,0.037316,0.298623,0.828569,-0.0,0.03457
2023,IRBR3,RAIL3,0.8846,0.020649,-4.35796,2.641024,0.0,0.139914
2023,IRBR3,RAIZ4,0.8639,0.031121,1.407592,1.776466,0.0,0.151116
2023,IRBR3,SMFT3,0.8588,0.03108,-0.184499,1.314195,0.0,0.153708
2023,IRBR3,YDUQ3,0.9311,0.025711,1.914076,0.639893,0.0,0.109455
2023,KLBN11,RAIL3,0.8795,0.015492,0.200305,0.855465,-0.0,0.046515
2023,KLBN11,YDUQ3,0.9295,0.016464,2.229746,0.20812,-0.0,0.036049
2023,MGLU3,VAMO3,0.9324,0.006176,-0.44204,1.62575,0.0,0.106148
2023,NATU3,PSSA3,0.8119,0.030069,-1.492372,1.334104,-0.0,0.080515
2023,PSSA3,VIVA3,0.8063,0.005489,1.623208,0.463471,0.0,0.049655
2023,RADL3,RAIL3,0.9124,0.049123,0.657484,0.849445,0.0,0.03828
2023,RADL3,RAIZ4,0.837,0.029687,2.55352,0.536712,0.0,0.051186
2023,RAIL3,RAIZ4,0.832,0.033282,2.302694,0.573056,-0.0,0.055744
2023,RAIL3,YDUQ3,0.9286,0.01138,2.447393,0.213764,-0.0,0.037278
2023,RENT3,STBP3,0.9382,2.1e-05,2.103004,0.950724,-0.0,0.032678
2023,SBSP3,VBBR3,0.9462,0.008687,0.583501,0.665915,0.0,0.037017
2023,SMFT3,VIVA3,0.9653,0.011822,-1.272406,1.295914,0.0,0.051167
2023,SMFT3,YDUQ3,0.9369,0.032558,1.765113,0.420745,0.0,0.068549
2023,TIMS3,UGPA3,0.9664,0.013726,0.769686,0.603923,0.0,0.036175
2024,ABEV3,MULT3,0.8633,0.007994,0.07083,0.736412,-0.0,0.027172
2024,ALOS3,AXIA6,0.8082,0.015541,0.50676,0.726665,-0.0,0.0264
2024,ALOS3,EQTL3,0.8459,0.018136,0.545655,0.712773,-0.0,0.023907
2024,ALOS3,MULT3,0.8921,0.029966,0.985923,0.633539,-0.0,0.020256
2024,AURE3,POMO4,-0.8723,0.011951,3.309935,-0.521111,-0.0,0.032985
2024,AURE3,PSSA3,-0.9162,0.013497,4.314333,-0.558394,-0.0,0.027033
2024,AXIA3,BPAC11,0.8722,0.012941,0.052899,0.938066,-0.0,0.029671
2024,AXIA3,IGTI11,0.8843,0.00447,0.119658,1.054297,0.0,0.028315
2024,AXIA3,MOTV3,0.869,0.008721,0.671037,1.062561,0.0,0.030007
2024,AXIA6,IGTI11,0.8463,0.013703,0.880312,0.829492,0.0,0.026559
2024,AXIA6,MOTV3,0.8319,0.026603,1.31353,0.836232,0.0,0.027667
2024,AZUL54,CMIG4,-0.9207,0.006361,6.768172,-2.437111,-0.0,0.132599
2024,AZUL54,CSMG3,-0.8644,0.043456,11.513221,-3.330622,-0.0,0.170869
2024,AZUL54,CURY3,-0.8921,0.010782,8.32172,-2.315249,-0.0,0.15359
2024,AZUL54,DIRR3,-0.9012,0.004392,5.69992,-2.046417,-0.0,0.147271
2024,AZUL54,JBSS3,-0.8835,0.04446,6.642043,-1.527348,0.0,0.159223
2024,AZUL54,MBRF3,-0.8978,0.001553,5.689687,-1.818914,0.0,0.149699
2024,AZUL54,USIM5,0.8502,0.035487,-1.428639,1.559383,-0.0,0.178919
2024,AZZA3,HYPE3,0.8776,0.025421,-0.418847,1.289999,0.0,0.058349
2024,AZZA3,ONCO3,0.9108,0.014269,3.098513,0.373253,-0.0,0.050263
2024,B3SA3,BPAC11,0.9173,0.026311,-2.290121,1.34317,-0.0,0.032885
2024,B3SA3,ENGI11,0.9068,0.006709,-2.757304,1.405175,-0.0,0.034808
2024,B3SA3,IGTI11,0.8825,0.008067,-1.959912,1.432388,0.0,0.038835
2024,BBDC3,BBDC4,0.9909,0.031215,-0.011179,0.957297,0.0,0.011285
2024,BBSE3,CSMG3,0.8934,0.027564,1.720176,0.541187,0.0,0.02401
2024,BBSE3,SBSP3,0.9026,0.039085,1.874218,0.525905,0.0,0.022999
2024,BPAC11,ENGI11,0.8433,0.025187,0.215771,0.892394,0.0,0.03031
2024,BPAC11,IGTI11,0.8845,0.007265,0.507226,0.980409,0.0,0.026311
2024,BPAC11,LWSA3,0.8263,0.030793,2.940031,0.368826,0.0,0.031765
2024,BPAC11,MOTV3,0.8655,0.008787,1.030448,0.983895,0.0,0.028248
2024,BPAC11,MOVI3,0.8319,0.03929,2.993237,0.266621,0.0,0.03129
2024,BPAC11,RAIZ4,0.8524,0.04745,2.954162,0.457696,0.0,0.029486
2024,BRFS3,COGN3,-0.9369,1.9e-05,3.170914,-0.714377,0.0,0.0757
2024,BRFS3,CURY3,0.9368,0.048343,-1.571352,1.549651,0.0,0.075797
2024,BRFS3,EMBJ3,0.9545,0.03721,0.128065,0.757727,-0.0,0.06463
2024,BRFS3,MGLU3,-0.8699,0.003782,4.590239,-0.689425,0.0,0.10684
2024,CMIG4,COGN3,-0.9314,0.033818,2.261364,-0.420932,0.0,0.046744
2024,CMIG4,MBRF3,0.9316,0.009693,0.514272,0.713113,0.0,0.046661
2024,CMIG4,USIM5,-0.8483,0.042631,3.256876,-0.587823,-0.0,0.067988
2024,CMIG4,WEGE3,0.9401,0.038592,-0.400059,0.664801,-0.0,0.043783
2024,COGN3,MBRF3,-0.8651,0.005526,3.656098,-1.465145,0.0,0.142517
2024,CPLE3,CPLE6,0.9861,9.5e-05,-0.205363,1.007292,-0.0,0.007905
2024,CPLE3,FLRY3,0.8139,0.017927,0.257107,0.687113,-0.0,0.027688
2024,CSNA3,CVCB3,0.9004,0.048067,2.111918,0.533803,-0.0,0.059764
2024,CSNA3,EMBJ3,-0.9405,0.005946,4.237037,-0.473602,-0.0,0.046669
2024,CSNA3,UGPA3,0.8223,0.044421,-0.513492,0.990482,-0.0,0.078176
2024,CSNA3,YDUQ3,0.9182,0.029364,1.400169,0.459885,-0.0,0.05441
2024,CURY3,DIRR3,0.9783,0.013621,1.186285,0.855885,0.0,0.02714
2024,CURY3,MBRF3,0.9223,0.003351,1.278613,0.719958,0.0,0.050612
2024,CURY3,WEGE3,0.9528,0.000351,0.296594,0.687141,-0.0,0.039771
2024,CVCB3,LWSA3,0.9161,0.028637,-1.660124,1.68059,-0.0,0.092897
2024,DIRR3,WEGE3,0.9625,0.007987,-1.004821,0.793449,0.0,0.040596
2024,ENGI11,RAIZ4,0.861,0.014896,3.157041,0.436845,0.0,0.027107
2024,EQTL3,MULT3,0.8924,0.016518,1.047605,0.752121,-0.0,0.024015
2024,FLRY3,MULT3,0.8422,0.028974,0.209919,0.753196,-0.0,0.030436
2024,GGBR4,GOAU4,0.8711,0.030798,1.356275,0.745333,0.0,0.018315
2024,HYPE3,ONCO3,0.8182,0.02589,2.846622,0.228125,-0.0,0.047613
2024,IGTI11,MOTV3,0.8975,0.002408,0.7412,0.920423,-0.0,0.022441
2024,IGTI11,RAIZ4,0.8636,0.035053,2.552231,0.418354,-0.0,0.025648
2024,ITSA4,ITUB4,0.9836,0.023515,-0.830642,0.894443,-0.0,0.00942
2024,LWSA3,MOVI3,0.921,0.002708,0.258336,0.661236,0.0,0.049219
2024,LWSA3,RENT3,0.8956,0.012434,-2.160994,0.97745,-0.0,0.056214
2024,LWSA3,SMFT3,0.8926,0.002536,-3.788453,1.716715,0.0,0.056959
2024,MBRF3,MGLU3,-0.8183,0.02092,3.449423,-0.502204,0.0,0.096421
2024,MBRF3,WEGE3,0.9205,0.028716,-0.98007,0.850417,-0.0,0.065554
2024,MGLU3,ONCO3,0.9205,0.011354,0.908926,0.847012,0.0,0.106817
2024,MOVI3,SMFT3,0.8349,0.021935,-5.015612,2.236468,0.0,0.096857
2024,MOVI3,UGPA3,0.8371,0.0088,-2.150286,1.291313,-0.0,0.096271
2024,PCAR3,VIVA3,0.8086,0.01946,-1.244734,0.750516,0.0,0.085618
2024,PSSA3,TEND3,0.8206,0.003168,1.364793,0.803766,-0.0,0.063268
2024,RDOR3,USIM5,-0.8046,0.00252,4.057535,-0.411424,0.0,0.056264
2024,RENT3,SMFT3,0.8474,0.018481,-0.857507,1.493287,0.0,0.061453
2024,RENT3,UGPA3,0.8414,0.015073,1.08168,0.853812,-0.0,0.062557
2024,RENT3,YDUQ3,0.9151,0.047268,2.757154,0.386129,0.0,0.046675
2024,SMFT3,UGPA3,0.8791,0.001601,1.501508,0.506272,-0.0,0.031306
2024,SMFT3,YDUQ3,0.8482,0.02137,2.55991,0.203104,-0.0,0.034795
2024,TEND3,WEGE3,0.8184,0.000619,0.55345,0.509458,0.0,0.064951
2024,TIMS3,VBBR3,0.8234,0.001009,0.872625,0.612377,-0.0,0.027565
2025,ALOS3,BPAC11,0.9837,0.00074,0.290098,0.740373,0.0,0.022396
2025,ALOS3,DIRR3,0.9807,0.047139,1.642029,0.558734,0.0,0.024332
2025,ALOS3,ECOR3,0.9665,0.026025,1.875831,0.601863,-0.0,0.031932
2025,ALOS3,ENEV3,0.9577,0.025044,0.837408,0.820589,0.0,0.035799
2025,ALOS3,FLRY3,0.9408,0.027124,0.713694,0.908377,0.0,0.04216
2025,ALOS3,RDOR3,0.9807,0.032796,0.432129,0.746113,0.0,0.024316
2025,ALOS3,VBBR3,0.9576,0.003583,0.633201,0.81521,-0.0,0.035856
2025,ASAI3,MBRF3,0.8837,0.00291,-0.464114,0.907682,-0.0,0.089839
2025,AUAU3,BRKM5,0.8123,0.000417,0.635886,0.262964,0.0,0.040233
2025,AURE3,BPAC11,0.911,0.004798,-0.398209,0.72071,0.0,0.053929
2025,AURE3,ENGI11,0.901,0.036805,-1.381609,0.981588,-0.0,0.05674
2025,AURE3,IGTI11,0.9363,0.01181,-0.703408,0.968459,-0.0,0.045933
2025,AURE3,MOTV3,0.8995,0.032721,-0.203729,0.957929,0.0,0.057142
2025,AURE3,RDOR3,0.9468,0.002564,-0.365262,0.757071,0.0,0.042101
2025,AURE3,VIVA3,0.9415,0.006728,0.2095,0.642375,-0.0,0.044085
2025,AXIA3,UGPA3,0.9348,0.038697,-0.119904,1.266684,0.0,0.056056
2025,B3SA3,CEAB3,0.9018,0.046502,1.599281,0.343197,0.0,0.045182
2025,B3SA3,CPFE3,0.8652,0.037222,-0.722424,0.908312,-0.0,0.052413
2025,B3SA3,EGIE3,0.8862,0.007967,-1.781684,1.294016,-0.0,0.048433
2025,B3SA3,MBRF3,0.8071,0.045726,1.187956,0.451439,0.0,0.061719
2025,B3SA3,YDUQ3,0.9132,0.041642,1.21208,0.511938,-0.0,0.042589
2025,BBDC3,IGTI11,0.9794,0.015616,-1.186794,1.211586,-0.0,0.031567
2025,BBDC3,VBBR3,0.9589,0.031815,-0.483486,1.02617,-0.0,0.044376
2025,BBDC3,VIVA3,0.9688,0.022314,-0.003559,0.79053,-0.0,0.038778
2025,BBDC4,IGTI11,0.9783,0.015365,-1.682817,1.419855,0.0,0.037975
2025,BBDC4,TIMS3,0.9696,0.047801,-0.188656,0.965542,0.0,0.044918
2025,BBDC4,VBBR3,0.9581,0.034042,-0.859409,1.202842,0.0,0.052572
2025,BBDC4,VIVA3,0.9699,0.020932,-0.302628,0.928473,-0.0,0.044709
2025,BBSE3,POMO4,-0.803,0.014988,4.186596,-0.397445,0.0,0.037775
2025,BEEF3,NATU3,-0.8298,0.012843,3.861392,-0.963254,0.0,0.096649
2025,BPAC11,CMIG4,0.864,0.041807,-1.642248,2.345865,-0.0,0.083234
2025,BPAC11,DIRR3,0.9824,0.011765,1.852612,0.743603,-0.0,0.030908
2025,BPAC11,ECOR3,0.9691,0.019365,2.162324,0.801789,-0.0,0.040773
2025,BPAC11,ENGI11,0.9761,0.027869,-1.299281,1.344229,-0.0,0.035928
2025,BPAC11,FLRY3,0.9106,0.025455,0.719215,1.16811,-0.0,0.06831
2025,BPAC11,IGTI11,0.9709,0.01777,-0.198766,1.269459,-0.0,0.039572
2025,BPAC11,MOTV3,0.9629,0.037985,0.353226,1.296266,-0.0,0.044594
2025,BPAC11,NEOE3,0.9742,0.001642,0.607569,0.971738,-0.0,0.037336
2025,BPAC11,RDOR3,0.9748,0.017279,0.268492,0.985354,-0.0,0.036844
2025,BPAC11,SBSP3,0.9772,0.016919,-0.171817,1.25466,-0.0,0.035101
2025,BPAC11,TIMS3,0.9741,0.014824,1.106214,0.873928,0.0,0.037382
2025,BPAC11,VBBR3,0.9389,0.003489,0.576185,1.061999,-0.0,0.056884
2025,BRAP4,ISAE4,0.8047,0.016788,0.124247,0.832477,-0.0,0.030156
2025,BRKM5,TIMS3,-0.8438,0.040817,5.100982,-0.975814,0.0,0.114337
2025,BRKM5,VBBR3,-0.8117,0.025959,5.686036,-1.183466,-0.0,0.124433
2025,CEAB3,EGIE3,0.9282,0.026973,-9.160369,3.561089,-0.0,0.102233
2025,CEAB3,HYPE3,0.9312,0.027914,-2.935465,1.805697,0.0,0.100114
2025,CEAB3,PSSA3,0.9561,0.048306,-4.252123,1.816368,-0.0,0.080507
2025,CMIG4,ENEV3,0.8696,0.011918,1.29759,0.364586,0.0,0.030059
2025,CMIG4,RDOR3,0.8808,0.044951,1.129892,0.327882,0.0,0.028827
2025,COGN3,CPLE3,0.9744,0.028514,-4.141417,2.152015,0.0,0.075181
2025,COGN3,EGIE3,0.8886,0.04552,-12.962556,4.15218,-0.0,0.153397
2025,COGN3,ITSA4,0.9807,0.006285,-5.767603,2.942416,0.0,0.065438
2025,COGN3,ITUB4,0.9778,0.011273,-8.509773,2.696255,0.0,0.070162
2025,COGN3,MOVI3,0.954,0.023546,-1.005253,1.020454,-0.0,0.100234
2025,COGN3,MULT3,0.9577,0.048749,-8.446988,2.88202,-0.0,0.096253
2025,CPFE3,EGIE3,0.9051,0.013817,-0.61936,1.258943,0.0,0.042337
2025,CPFE3,EQTL3,0.9595,0.047424,0.175409,0.96525,0.0,0.028064
2025,CSNA3,USIM5,0.8018,0.015999,1.275449,0.529381,0.0,0.05043
2025,CURY3,ECOR3,0.9712,0.031303,1.430944,0.964437,-0.0,0.047242
2025,CURY3,EGIE3,0.8568,0.033825,-4.626802,2.374375,-0.0,0.102299
2025,CURY3,ENGI11,0.9783,0.018972,-2.733344,1.617044,-0.0,0.041087
2025,CURY3,FLRY3,0.8686,0.031675,-0.135515,1.337336,0.0,0.098297
2025,CURY3,ITSA4,0.9808,0.004631,-0.651329,1.745373,0.0,0.038676
2025,CURY3,ITUB4,0.9801,0.005619,-2.290342,1.602977,0.0,0.039378
2025,CURY3,MOVI3,0.9418,0.020888,2.187038,0.597447,-0.0,0.066701
2025,CURY3,MULT3,0.9699,0.006763,-2.309289,1.73107,-0.0,0.048311
2025,CURY3,NEOE3,0.9472,0.007524,-0.330362,1.13399,-0.0,0.063627
2025,CURY3,SBSP3,0.9642,0.023998,-1.305796,1.485844,0.0,0.052605
2025,CURY3,TIMS3,0.9754,0.031027,0.163285,1.050283,0.0,0.043756
2025,CURY3,TOTS3,0.9532,0.027433,-1.546779,1.30688,-0.0,0.059967
2025,CURY3,VBBR3,0.895,0.028708,-0.296725,1.214973,-0.0,0.088504
2025,CVCB3,GMAT3,0.9192,0.000474,-1.829047,1.3238,-0.0,0.050558
2025,CYRE3,MOTV3,0.9498,0.032673,-0.421506,1.327783,0.0,0.053709
2025,CYRE3,SUZB3,-0.9123,0.030412,11.393033,-2.138793,-0.0,0.070311
2025,DIRR3,ECOR3,0.977,0.011345,0.435676,1.067848,0.0,0.04658
2025,DIRR3,ENGI11,0.9802,0.018683,-4.149192,1.783373,-0.0,0.043203
2025,DIRR3,MULT3,0.9749,0.034142,-3.701217,1.915308,-0.0,0.048581
2025,DIRR3,NEOE3,0.9795,0.000654,-1.624415,1.290802,-0.0,0.04398
2025,DIRR3,TIMS3,0.9879,0.000974,-0.991164,1.170918,0.0,0.033845
2025,DIRR3,VBBR3,0.9499,0.016339,-1.691125,1.419371,0.0,0.068263
2025,ECOR3,ENGI11,0.9727,0.008099,-4.106154,1.619067,-0.0,0.046374
2025,ECOR3,FLRY3,0.8983,0.045797,-1.639499,1.392758,0.0,0.087787
2025,ECOR3,IGTI11,0.9661,0.027598,-2.773885,1.526778,-0.0,0.051562
2025,ECOR3,MOVI3,0.9547,0.031766,0.80032,0.609923,-0.0,0.059436
2025,ECOR3,MULT3,0.9748,0.003628,-3.741852,1.752146,-0.0,0.044538
2025,ECOR3,NEOE3,0.9624,0.005773,-1.778062,1.160366,-0.0,0.054254
2025,ECOR3,SBSP3,0.9707,0.004281,-2.733702,1.506422,0.0,0.047995
2025,ECOR3,TIMS3,0.9715,0.031867,-1.211342,1.053473,0.0,0.047366
2025,ECOR3,VBBR3,0.9399,0.022867,-1.864088,1.284973,0.0,0.068207
2025,EGIE3,HYPE3,0.8892,0.030293,1.924542,0.449401,0.0,0.032754
2025,EGIE3,SRNA3,0.8859,0.038483,2.713951,0.254641,0.0,0.033212
2025,EGIE3,SUZB3,-0.8387,0.045015,6.539165,-0.820089,-0.0,0.038985
2025,EMBJ3,ENEV3,0.8158,0.020191,2.478465,0.677734,0.0,0.069755
2025,EMBJ3,ENGI11,0.8152,0.021946,1.241837,0.819281,0.0,0.069857
2025,EMBJ3,NEOE3,0.8457,0.010767,2.331058,0.615633,0.0,0.064366
2025,EMBJ3,SMTO3,-0.8215,0.022477,6.369298,-0.72345,-0.0,0.068774
2025,EMBJ3,TIMS3,0.8422,0.006972,2.653597,0.551381,0.0,0.065039
2025,EMBJ3,VIVT3,0.8292,0.01682,1.804724,0.733159,0.0,0.067428
2025,ENEV3,GGPS3,0.9029,0.014136,-0.25733,1.097656,-0.0,0.062408
2025,ENEV3,MOTV3,0.9613,0.041958,-0.265188,1.136787,-0.0,0.039998
2025,ENEV3,RDOR3,0.9651,0.010969,-0.314948,0.856953,-0.0,0.038007
2025,ENEV3,SMTO3,-0.8617,0.023188,5.290254,-0.913417,0.0,0.073684
2025,ENEV3,UGPA3,0.878,0.046402,-0.464004,1.094585,0.0,0.069498
2025,ENEV3,VALE3,0.8362,0.028345,-3.954857,1.670714,-0.0,0.079636
2025,ENGI11,IGTI11,0.9802,0.013717,0.860433,0.930577,0.0,0.023787
2025,ENGI11,ITSA4,0.9882,0.016295,1.32167,1.063931,0.0,0.01837
2025,ENGI11,MULT3,0.9832,0.017905,0.290448,1.061667,0.0,0.021911
2025,ENGI11,NEOE3,0.9681,0.008028,1.486224,0.701213,0.0,0.030083
2025,ENGI11,SBSP3,0.985,0.007807,0.884517,0.918304,0.0,0.020732
2025,ENGI11,TIMS3,0.9744,0.017856,1.834,0.634788,0.0,0.026988
2025,EQTL3,MOVI3,0.9377,0.038353,2.973266,0.296768,-0.0,0.034399
2025,EQTL3,RENT3,0.8612,0.022425,1.226685,0.641616,-0.0,0.050308
2025,FLRY3,VIVT3,0.9195,0.049601,-0.399063,0.868578,-0.0,0.05064
2025,GOAU4,SLCE3,-0.8021,0.017843,4.642765,-1.010378,-0.0,0.043994
2025,IGTI11,ITUB4,0.9732,0.046009,-0.455531,1.014334,0.0,0.029051
2025,IGTI11,SBSP3,0.9769,0.007907,0.10936,0.959339,0.0,0.027002
2025,IGTI11,TIMS3,0.9678,0.025798,1.098542,0.664095,0.0,0.03182
2025,ITSA4,ITUB4,0.9979,0.044795,-0.934624,0.917121,-0.0,0.007275
2025,ITSA4,MOVI3,0.9611,0.006927,1.625654,0.342636,-0.0,0.030776
2025,ITSA4,MULT3,0.9821,0.010881,-0.928404,0.985057,-0.0,0.020975
2025,ITSA4,NEOE3,0.9543,0.02194,0.207841,0.64204,-0.0,0.033317
2025,ITSA4,SBSP3,0.9816,0.012859,-0.371016,0.850002,-0.0,0.02131
2025,ITUB4,MOVI3,0.957,0.029709,2.795752,0.371199,-0.0,0.035185
2025,ITUB4,MULT3,0.9804,0.008356,0.020009,1.069925,-0.0,0.023876
2025,ITUB4,NEOE3,0.9597,0.01885,1.237918,0.702556,-0.0,0.034069
2025,ITUB4,SBSP3,0.9759,0.045794,0.636782,0.919496,-0.0,0.026476
2025,ITUB4,SMFT3,0.9462,0.040977,0.571822,0.935277,-0.0,0.03926
2025,ITUB4,SRNA3,0.9571,0.029053,2.357555,0.466161,-0.0,0.035139
2025,MOTV3,MOVI3,0.9192,0.022742,1.918635,0.360901,-0.0,0.048357
2025,MOTV3,RDOR3,0.9601,0.004221,0.068898,0.720914,-0.0,0.034327
2025,MOTV3,SBSP3,0.9785,0.001554,-0.29992,0.933307,0.0,0.025296
2025,MOVI3,MULT3,0.9608,0.040776,-6.906802,2.703239,-0.0,0.08668
2025,MOVI3,SMFT3,0.9599,0.020734,-5.767187,2.446325,-0.0,0.087648
2025,MULT3,NEOE3,0.9637,0.042892,1.170042,0.646475,0.0,0.02966
2025,MULT3,TIMS3,0.9689,0.026629,1.492573,0.584578,0.0,0.027488
2025,MULT3,TOTS3,0.9423,0.033231,0.553858,0.7238,0.0,0.037227
2025,MULT3,VBBR3,0.9342,0.012858,1.137441,0.710586,0.0,0.039647
2025,NEOE3,TIMS3,0.9761,0.006949,0.575247,0.877932,0.0,0.035994
2025,NEOE3,VBBR3,0.9655,0.026779,-0.037731,1.09477,0.0,0.043156
2025,RAIZ4,VAMO3,0.8386,0.030221,-1.784015,1.593765,0.0,0.146598
2025,SRNA3,TOTS3,0.9737,0.000556,-3.796711,1.675945,-0.0,0.056702
2025,TIMS3,TOTS3,0.9413,0.023609,-1.461237,1.198433,-0.0,0.062217
2025,TOTS3,VBBR3,0.8632,0.036499,1.172923,0.854677,0.0,0.073066
2025,UGPA3,VALE3,0.872,0.02351,-2.682337,1.397503,0.0,0.057022
2025,VBBR3,VIVA3,0.9527,0.007943,0.605473,0.726468,-0.0,0.044404
2025,VBBR3,VIVT3,0.9527,0.035201,-0.522014,1.020583,0.0,0.044413
2025,VIVA3,VIVT3,0.9547,0.046705,-1.339718,1.341272,-0.0,0.057019
